Date,Avg_Temperature,Max_Temperature,Min_Temperature,Humidity,Rainfall_Snowmelt,Visibility,Wind_Speed,Max_Sustained_Wind_Speed,City,Month,Year,Day,DayOfWeek,IsWeekend,Season,Daily_PM25
2013-01-01,23.4,30.3,19.0,59.0,0.0,6.3,4.3,5.4,Bangalore,1,2013,1,1,0,Winter,282.4609756097561
2013-01-02,22.4,30.3,16.9,57.0,0.0,6.9,3.3,7.6,Bangalore,1,2013,2,2,0,Winter,234.54324324324324
2013-01-03,24.0,31.8,16.9,51.0,0.0,6.9,2.8,5.4,Bangalore,1,2013,3,3,0,Winter,173.3658536585366
2013-01-04,,,,,,,,,Bangalore,1,2013,4,4,0,Winter,200.24400000000003
2013-01-05,,,,,,,,,Bangalore,1,2013,5,5,1,Winter,213.8467246376812
2013-01-06,,,,,,,,,Bangalore,1,2013,6,6,1,Winter,227.44944927536235
2013-01-07,22.8,30.2,17.6,55.0,0.0,7.7,3.7,7.6,Bangalore,1,2013,7,0,0,Winter,241.05217391304348
2013-01-08,23.1,30.6,17.4,46.0,0.0,6.9,3.3,5.4,Bangalore,1,2013,8,1,0,Winter,217.3
2013-01-09,22.9,30.6,17.4,51.0,0.0,6.9,3.5,3.5,Bangalore,1,2013,9,2,0,Winter,192.4048780487805
2013-01-10,,,,,,,,,Bangalore,1,2013,10,3,0,Winter,150.2219512195122
2013-01-11,,,,,,,,,Bangalore,1,2013,11,4,0,Winter,118.7
2013-01-12,,,,,,,,,Bangalore,1,2013,12,5,1,Winter,211.09268292682924
2013-01-13,22.3,30.1,15.7,43.0,0.0,6.9,2.8,5.4,Bangalore,1,2013,13,6,1,Winter,267.73658536585367
2013-01-14,21.8,30.6,14.8,41.0,0.0,6.9,1.9,5.4,Bangalore,1,2013,14,0,0,Winter,336.803448275862
2013-01-15,21.6,30.6,14.2,43.0,0.0,6.9,3.1,7.6,Bangalore,1,2013,15,1,0,Winter,273.72439024390246
2013-01-16,,,,,,,,,Bangalore,1,2013,16,2,0,Winter,258.7447368421052
2013-01-17,,,,,,,,,Bangalore,1,2013,17,3,0,Winter,228.8756097560976
2013-01-18,,,,,,,,,Bangalore,1,2013,18,4,0,Winter,43.417073170731705
2013-01-19,21.6,29.6,16.4,58.0,0.0,6.9,2.2,3.5,Bangalore,1,2013,19,5,1,Winter,101.02926829268291
2013-01-20,21.9,29.6,16.6,58.0,0.0,6.9,2.4,5.4,Bangalore,1,2013,20,6,1,Winter,104.2780487804878
2013-01-21,22.3,29.9,17.5,55.0,0.0,6.9,3.1,5.4,Bangalore,1,2013,21,0,0,Winter,113.09756097560977
2013-01-22,,,,,,,,,Bangalore,1,2013,22,1,0,Winter,166.17560975609754
2013-01-23,,,,,,,,,Bangalore,1,2013,23,2,0,Winter,228.9878048780488
2013-01-24,,,,,,,,,Bangalore,1,2013,24,3,0,Winter,217.1878048780488
2013-01-25,21.6,29.1,15.5,47.0,0.0,7.7,4.8,7.6,Bangalore,1,2013,25,4,0,Winter,175.1341463414634
2013-01-26,21.8,29.2,14.6,41.0,0.0,6.9,2.8,3.5,Bangalore,1,2013,26,5,1,Winter,148.0170731707317
2013-01-27,22.3,30.1,15.6,40.0,0.0,6.9,2.4,5.4,Bangalore,1,2013,27,6,1,Winter,144.00975609756097
2013-01-28,,,,,,,,,Bangalore,1,2013,28,0,0,Winter,167.28048780487805
2013-01-29,,,,,,,,,Bangalore,1,2013,29,1,0,Winter,242.4268292682927
2013-01-30,,,,,,,,,Bangalore,1,2013,30,2,0,Winter,244.02195121951215
2013-01-31,22.1,29.8,17.3,54.0,0.0,6.9,5.2,9.4,Bangalore,1,2013,31,3,0,Winter,301.33414634146345
2013-02-01,21.6,29.2,15.3,51.0,0.0,6.9,3.9,5.4,Bangalore,2,2013,1,4,0,Winter,338.8731707317073
2013-02-02,21.4,29.2,15.2,45.0,0.0,6.9,2.8,5.4,Bangalore,2,2013,2,5,1,Winter,277.86097560975605
2013-02-03,21.8,29.6,14.4,37.0,0.0,7.4,2.2,3.5,Bangalore,2,2013,3,6,1,Winter,179.92439024390242
2013-02-04,,,,,,,,,Bangalore,2,2013,4,0,0,Winter,171.14634146341464
2013-02-05,,,,,,,,,Bangalore,2,2013,5,1,0,Winter,78.38780487804878
2013-02-06,,,,,,,,,Bangalore,2,2013,6,2,0,Winter,52.8780487804878
2013-02-07,24.6,32.2,18.8,55.0,0.0,6.9,2.2,3.5,Bangalore,2,2013,7,3,0,Winter,49.63414634146341
2013-02-08,24.6,32.2,21.0,63.0,0.51,5.5,3.9,9.4,Bangalore,2,2013,8,4,0,Winter,91.53658536585364
2013-02-09,23.9,31.6,19.0,51.0,0.0,6.6,5.9,9.4,Bangalore,2,2013,9,5,1,Winter,91.29268292682929
2013-02-10,,,,,,,,,Bangalore,2,2013,10,6,1,Winter,207.8292682926829
2013-02-11,,,,,,,,,Bangalore,2,2013,11,0,0,Winter,192.14634146341464
2013-02-12,,,,,,,,,Bangalore,2,2013,12,1,0,Winter,144.41463414634146
2013-02-13,24.5,31.5,18.9,49.0,0.0,6.9,4.8,9.4,Bangalore,2,2013,13,2,0,Winter,126.7560975609756
2013-02-14,23.9,31.5,19.7,64.0,0.0,6.3,5.2,9.4,Bangalore,2,2013,14,3,0,Winter,124.58536585365852
2013-02-15,24.3,31.4,20.2,68.0,0.0,6.9,3.5,5.4,Bangalore,2,2013,15,4,0,Winter,150.54545454545453
2013-02-16,,,,,,,,,Bangalore,2,2013,16,5,1,Winter,133.44169960474306
2013-02-17,,,,,,,,,Bangalore,2,2013,17,6,1,Winter,116.33794466403162
2013-02-18,,,,,,,,,Bangalore,2,2013,18,0,0,Winter,99.23418972332016
2013-02-19,24.8,31.8,20.5,62.0,0.0,6.3,2.0,5.4,Bangalore,2,2013,19,1,0,Winter,82.1304347826087
2013-02-20,24.5,32.2,19.7,59.0,0.0,6.6,3.9,5.4,Bangalore,2,2013,20,2,0,Winter,130.390243902439
2013-02-21,24.3,32.2,18.0,47.0,0.0,6.9,5.0,9.4,Bangalore,2,2013,21,3,0,Winter,118.82926829268293
2013-02-22,,,,,,,,,Bangalore,2,2013,22,4,0,Winter,117.90243902439023
2013-02-23,,,,,,,,,Bangalore,2,2013,23,5,1,Winter,72.73170731707317
2013-02-24,,,,,,,,,Bangalore,2,2013,24,6,1,Winter,42.51219512195122
2013-02-25,24.1,33.4,15.9,29.0,0.0,7.7,3.5,5.4,Bangalore,2,2013,25,0,0,Winter,65.95121951219512
2013-02-26,24.7,32.4,16.3,30.0,0.0,6.9,5.0,9.4,Bangalore,2,2013,26,1,0,Winter,79.21951219512195
2013-02-27,24.7,32.4,16.9,32.0,0.0,6.9,0.9,3.5,Bangalore,2,2013,27,2,0,Winter,79.86206896551724
2013-02-28,,,,,,,,,Bangalore,2,2013,28,3,0,Winter,83.34146341463415
2013-03-01,25.5,33.0,18.5,26.0,0.0,6.9,3.9,5.4,Bangalore,3,2013,1,4,0,Summer,37.458333333333336
2013-03-02,25.5,33.0,18.9,34.0,0.0,6.9,4.6,7.6,Bangalore,3,2013,2,5,1,Summer,2.5172413793103448
2013-03-03,25.3,33.2,18.5,31.0,0.0,6.9,3.5,5.4,Bangalore,3,2013,3,6,1,Summer,2.2285714285714286
2013-03-04,,,,,,,,,Bangalore,3,2013,4,0,0,Summer,2.4838709677419355
2013-03-05,,,,,,,,,Bangalore,3,2013,5,1,0,Summer,31.766666666666666
2013-03-06,,,,,,,,,Bangalore,3,2013,6,2,0,Summer,105.5609756097561
2013-03-07,24.0,30.4,21.0,71.0,0.0,6.3,5.2,5.4,Bangalore,3,2013,7,3,0,Summer,104.1951219512195
2013-03-08,25.4,32.0,20.0,56.0,0.51,6.9,3.5,5.4,Bangalore,3,2013,8,4,0,Summer,109.5609756097561
2013-03-09,25.8,34.1,20.3,51.0,0.0,6.6,1.5,3.5,Bangalore,3,2013,9,5,1,Summer,128.21951219512195
2013-03-10,,,,,,,,,Bangalore,3,2013,10,6,1,Summer,74.63414634146342
2013-03-11,,,,,,,,,Bangalore,3,2013,11,0,0,Summer,154.8780487804878
2013-03-12,,,,,,,,,Bangalore,3,2013,12,1,0,Summer,151.3658536585366
2013-03-13,27.1,34.8,20.2,30.0,0.0,6.9,3.1,5.4,Bangalore,3,2013,13,2,0,Summer,108.41463414634148
2013-03-14,26.8,34.7,20.7,34.0,0.0,6.9,2.4,5.4,Bangalore,3,2013,14,3,0,Summer,58.90243902439025
2013-03-15,25.3,34.2,18.9,40.0,0.0,6.9,3.9,5.4,Bangalore,3,2013,15,4,0,Summer,79.41025641025641
2013-03-16,,,,,,,,,Bangalore,3,2013,16,5,1,Summer,83.58536585365853
2013-03-17,,,,,,,,,Bangalore,3,2013,17,6,1,Summer,93.17073170731707
2013-03-18,,,,,,,,,Bangalore,3,2013,18,0,0,Summer,72.28571428571429
2013-03-19,26.9,34.6,19.9,37.0,0.0,6.9,5.0,5.4,Bangalore,3,2013,19,1,0,Summer,98.70731707317071
2013-03-20,27.1,34.6,20.4,39.0,0.0,6.9,5.0,7.6,Bangalore,3,2013,20,2,0,Summer,132.5121951219512
2013-03-21,26.8,34.5,20.5,32.0,0.0,6.9,4.6,7.6,Bangalore,3,2013,21,3,0,Summer,61.97560975609756
2013-03-22,,,,,,,,,Bangalore,3,2013,22,4,0,Summer,58.04878048780488
2013-03-23,,,,,,,,,Bangalore,3,2013,23,5,1,Summer,93.225
2013-03-24,,,,,,,,,Bangalore,3,2013,24,6,1,Summer,78.4390243902439
2013-03-25,28.1,34.8,21.3,44.0,0.0,6.3,3.9,7.6,Bangalore,3,2013,25,0,0,Summer,52.24390243902439
2013-03-26,28.8,35.4,23.2,44.0,0.0,6.9,4.3,5.4,Bangalore,3,2013,26,1,0,Summer,48.707317073170735
2013-03-27,28.5,35.8,22.9,39.0,0.0,6.9,3.7,7.6,Bangalore,3,2013,27,2,0,Summer,135.6341463414634
2013-03-28,,,,,,,,,Bangalore,3,2013,28,3,0,Summer,89.58536585365853
2013-03-29,,,,,,,,,Bangalore,3,2013,29,4,0,Summer,70.0
2013-03-30,,,,,,,,,Bangalore,3,2013,30,5,1,Summer,60.58730158730159
2013-03-31,28.1,36.5,22.4,57.0,0.0,6.9,3.1,5.4,Bangalore,3,2013,31,6,1,Summer,51.17460317460318
2013-04-01,27.2,36.5,20.7,58.0,11.94,6.9,4.3,7.6,Bangalore,4,2013,1,0,0,Summer,41.76190476190476
2013-04-02,26.9,34.9,22.2,54.0,0.0,6.9,5.0,11.1,Bangalore,4,2013,2,1,0,Summer,34.111111111111114
2013-04-03,27.8,34.9,22.1,58.0,1.02,6.9,3.5,7.6,Bangalore,4,2013,3,2,0,Summer,35.370370370370374
2013-04-04,,,,,,,,,Bangalore,4,2013,4,3,0,Summer,34.04347826086956
2013-04-05,,,,,,,,,Bangalore,4,2013,5,4,0,Summer,52.24390243902439
2013-04-06,,,,,,,,,Bangalore,4,2013,6,5,1,Summer,92.41463414634148
2013-04-07,29.9,36.8,23.3,41.0,0.0,6.9,3.7,7.6,Bangalore,4,2013,7,6,1,Summer,83.09756097560975
2013-04-08,29.4,36.8,24.4,44.0,0.0,6.9,2.0,7.6,Bangalore,4,2013,8,0,0,Summer,102.8048780487805
2013-04-09,29.6,36.0,24.5,42.0,0.0,6.9,3.9,7.6,Bangalore,4,2013,9,1,0,Summer,121.1951219512195
2013-04-10,,,,,,,,,Bangalore,4,2013,10,2,0,Summer,51.6
2013-04-11,,,,,,,,,Bangalore,4,2013,11,3,0,Summer,90.44
2013-04-12,,,,,,,,,Bangalore,4,2013,12,4,0,Summer,82.5609756097561
2013-04-13,27.7,36.2,21.4,42.0,0.0,6.9,3.5,3.5,Bangalore,4,2013,13,5,1,Summer,87.70731707317073
2013-04-14,29.2,35.9,23.1,50.0,0.0,6.9,3.9,7.6,Bangalore,4,2013,14,6,1,Summer,44.97560975609756
2013-04-15,27.5,35.9,22.6,56.0,,6.3,5.9,11.1,Bangalore,4,2013,15,0,0,Summer,96.41463414634148
2013-04-16,,,,,,,,,Bangalore,4,2013,16,1,0,Summer,116.97560975609755
2013-04-17,,,,,,,,,Bangalore,4,2013,17,2,0,Summer,63.19512195121951
2013-04-18,,,,,,,,,Bangalore,4,2013,18,3,0,Summer,71.4390243902439
2013-04-19,28.2,35.8,22.5,50.0,0.0,6.9,5.0,7.6,Bangalore,4,2013,19,4,0,Summer,113.0
2013-04-20,28.9,35.7,23.3,45.0,0.0,6.9,3.5,5.4,Bangalore,4,2013,20,5,1,Summer,147.28571428571428
2013-04-21,28.2,35.7,22.6,53.0,0.0,6.9,4.6,5.4,Bangalore,4,2013,21,6,1,Summer,96.38198757763976
2013-04-22,,,,,,,,,Bangalore,4,2013,22,0,0,Summer,45.47826086956522
2013-04-23,,,,,,,,,Bangalore,4,2013,23,1,0,Summer,72.04878048780488
2013-04-24,,,,,,,,,Bangalore,4,2013,24,2,0,Summer,109.48780487804878
2013-04-25,28.4,34.7,23.3,54.0,0.0,6.9,3.3,5.4,Bangalore,4,2013,25,3,0,Summer,120.7560975609756
2013-04-26,28.2,34.5,24.4,56.0,0.0,6.9,3.0,5.4,Bangalore,4,2013,26,4,0,Summer,128.37037037037038
2013-04-27,28.4,35.3,23.3,56.0,0.0,7.7,3.3,5.4,Bangalore,4,2013,27,5,1,Summer,111.07777777777778
2013-04-28,,,,,,,,,Bangalore,4,2013,28,6,1,Summer,93.78518518518518
2013-04-29,,,,,,,,,Bangalore,4,2013,29,0,0,Summer,76.4925925925926
2013-04-30,,,,,,,,,Bangalore,4,2013,30,1,0,Summer,59.2
2013-05-01,28.7,37.0,22.7,43.0,0.0,6.9,3.5,5.4,Bangalore,5,2013,1,2,0,Summer,92.1219512195122
2013-05-02,29.6,37.6,24.0,51.0,0.0,6.9,4.8,7.6,Bangalore,5,2013,2,3,0,Summer,144.29268292682926
2013-05-03,28.3,37.6,24.0,58.0,0.51,6.9,6.5,11.1,Bangalore,5,2013,3,4,0,Summer,129.90243902439025
2013-05-04,,,,,,,,,Bangalore,5,2013,4,5,1,Summer,106.14634146341464
2013-05-05,,,,,,,,,Bangalore,5,2013,5,6,1,Summer,98.14634146341464
2013-05-06,,,,,,,,,Bangalore,5,2013,6,0,0,Summer,115.6829268292683
2013-05-07,28.8,35.1,24.3,58.0,0.0,6.9,4.6,5.4,Bangalore,5,2013,7,1,0,Summer,143.7560975609756
2013-05-08,28.0,35.1,23.4,61.0,0.0,6.9,5.9,7.6,Bangalore,5,2013,8,2,0,Summer,160.6341463414634
2013-05-09,26.9,35.3,22.2,63.0,1.02,6.9,4.3,7.6,Bangalore,5,2013,9,3,0,Summer,146.34146341463415
2013-05-10,,,,,,,,,Bangalore,5,2013,10,4,0,Summer,122.63157894736842
2013-05-11,,,,,,,,,Bangalore,5,2013,11,5,1,Summer,99.1951219512195
2013-05-12,,,,,,,,,Bangalore,5,2013,12,6,1,Summer,78.60975609756098
2013-05-13,26.1,32.1,22.1,68.0,0.0,6.9,4.4,5.4,Bangalore,5,2013,13,0,0,Summer,97.60975609756098
2013-05-14,26.3,32.1,21.9,63.0,0.0,6.9,6.5,11.1,Bangalore,5,2013,14,1,0,Summer,111.2439024390244
2013-05-15,26.4,33.8,21.6,58.0,0.0,7.6,5.6,7.6,Bangalore,5,2013,15,2,0,Summer,129.02439024390245
2013-05-16,,,,,,,,,Bangalore,5,2013,16,3,0,Summer,105.7560975609756
2013-05-17,,,,,,,,,Bangalore,5,2013,17,4,0,Summer,127.1951219512195
2013-05-18,,,,,,,,,Bangalore,5,2013,18,5,1,Summer,131.5121951219512
2013-05-19,26.2,35.7,22.4,71.0,4.06,6.9,3.0,5.4,Bangalore,5,2013,19,6,1,Summer,95.92682926829268
2013-05-20,25.2,33.8,21.4,75.0,13.97,6.3,5.0,7.6,Bangalore,5,2013,20,0,0,Summer,90.92682926829268
2013-05-21,27.3,34.0,20.9,64.0,0.0,6.9,5.0,9.4,Bangalore,5,2013,21,1,0,Summer,92.3170731707317
2013-05-22,,,,,,,,,Bangalore,5,2013,22,2,0,Summer,115.8048780487805
2013-05-23,,,,,,,,,Bangalore,5,2013,23,3,0,Summer,89.70731707317073
2013-05-24,,,,,,,,,Bangalore,5,2013,24,4,0,Summer,84.90243902439025
2013-05-25,26.5,33.5,22.0,58.0,0.0,6.3,8.0,11.1,Bangalore,5,2013,25,5,1,Summer,106.5609756097561
2013-05-26,26.6,33.0,22.0,62.0,0.0,6.9,6.3,7.6,Bangalore,5,2013,26,6,1,Summer,109.8048780487805
2013-05-27,25.5,33.0,20.6,66.0,0.0,6.9,6.3,7.6,Bangalore,5,2013,27,0,0,Summer,93.34146341463416
2013-05-28,,,,,,,,,Bangalore,5,2013,28,1,0,Summer,86.78048780487805
2013-05-29,,,,,,,,,Bangalore,5,2013,29,2,0,Summer,93.95121951219512
2013-05-30,,,,,,,,,Bangalore,5,2013,30,3,0,Summer,82.07692307692308
2013-05-31,23.7,31.3,20.8,81.0,30.99,5.8,2.8,5.4,Bangalore,5,2013,31,4,0,Summer,74.34146341463415
2013-06-01,21.8,29.4,20.0,90.0,,5.5,6.1,7.6,Bangalore,6,2013,1,5,1,Monsoon,38.29268292682927
2013-06-02,22.3,27.6,20.0,86.0,12.95,5.5,6.1,9.4,Bangalore,6,2013,2,6,1,Monsoon,43.170731707317074
2013-06-03,22.3,27.6,19.2,85.0,5.08,5.5,6.3,7.6,Bangalore,6,2013,3,0,0,Monsoon,65.5609756097561
2013-06-04,,,,,,,,,Bangalore,6,2013,4,1,0,Monsoon,64.70731707317073
2013-06-05,,,,,,,,,Bangalore,6,2013,5,2,0,Monsoon,77.8780487804878
2013-06-06,,,,,,,,,Bangalore,6,2013,6,3,0,Monsoon,75.36585365853658
2013-06-07,23.8,29.9,21.0,80.0,0.0,6.9,8.7,11.1,Bangalore,6,2013,7,4,0,Monsoon,65.65853658536585
2013-06-08,23.0,28.8,20.1,77.0,2.03,6.3,8.1,11.1,Bangalore,6,2013,8,5,1,Monsoon,78.09756097560975
2013-06-09,23.8,28.4,20.1,70.0,0.0,6.9,12.4,18.3,Bangalore,6,2013,9,6,1,Monsoon,71.04878048780488
2013-06-10,,,,,,,,,Bangalore,6,2013,10,0,0,Monsoon,75.26829268292683
2013-06-11,,,,,,,,,Bangalore,6,2013,11,1,0,Monsoon,36.80487804878049
2013-06-12,,,,,,,,,Bangalore,6,2013,12,2,0,Monsoon,56.4390243902439
2013-06-13,23.7,28.3,20.0,69.0,0.0,6.9,11.3,14.8,Bangalore,6,2013,13,3,0,Monsoon,57.78048780487805
2013-06-14,23.7,28.3,20.5,70.0,0.0,6.3,9.8,16.5,Bangalore,6,2013,14,4,0,Monsoon,75.8048780487805
2013-06-15,23.4,28.6,20.0,74.0,0.0,6.9,9.6,11.1,Bangalore,6,2013,15,5,1,Monsoon,33.78048780487805
2013-06-16,,,,,,,,,Bangalore,6,2013,16,6,1,Monsoon,41.34146341463415
2013-06-17,,,,,,,,,Bangalore,6,2013,17,0,0,Monsoon,39.65853658536585
2013-06-18,,,,,,,,,Bangalore,6,2013,18,1,0,Monsoon,90.82926829268293
2013-06-19,24.3,29.2,20.2,71.0,0.0,7.4,8.5,11.1,Bangalore,6,2013,19,2,0,Monsoon,72.78048780487805
2013-06-20,23.6,30.2,20.3,74.0,0.0,6.9,7.2,9.4,Bangalore,6,2013,20,3,0,Monsoon,89.21951219512195
2013-06-21,23.4,30.2,20.0,78.0,6.1,6.9,5.0,5.4,Bangalore,6,2013,21,4,0,Monsoon,92.8048780487805
2013-06-22,,,,,,,,,Bangalore,6,2013,22,5,1,Monsoon,79.39024390243902
2013-06-23,,,,,,,,,Bangalore,6,2013,23,6,1,Monsoon,89.2439024390244
2013-06-24,,,,,,,,,Bangalore,6,2013,24,0,0,Monsoon,68.05128205128206
2013-06-25,23.4,28.4,20.6,77.0,0.0,6.9,8.9,18.3,Bangalore,6,2013,25,1,0,Monsoon,52.21951219512195
2013-06-26,22.4,27.8,20.4,87.0,0.0,6.9,5.2,5.4,Bangalore,6,2013,26,2,0,Monsoon,39.85365853658536
2013-06-27,23.5,28.5,20.6,75.0,14.99,6.9,5.7,7.6,Bangalore,6,2013,27,3,0,Monsoon,49.09756097560975
2013-06-28,,,,,,,,,Bangalore,6,2013,28,4,0,Monsoon,44.0
2013-06-29,,,,,,,,,Bangalore,6,2013,29,5,1,Monsoon,51.58536585365854
2013-06-30,,,,,,,,,Bangalore,6,2013,30,6,1,Monsoon,47.5609756097561
2013-07-01,23.7,29.2,19.4,70.0,0.0,6.9,8.5,14.8,Bangalore,7,2013,1,0,0,Monsoon,63.09756097560975
2013-07-02,22.6,29.2,19.8,79.0,0.0,5.5,6.9,11.1,Bangalore,7,2013,2,1,0,Monsoon,57.691637630662015
2013-07-03,22.2,28.1,19.9,83.0,3.05,6.9,6.7,11.1,Bangalore,7,2013,3,2,0,Monsoon,52.285714285714285
2013-07-04,,,,,,,,,Bangalore,7,2013,4,3,0,Monsoon,48.073170731707314
2013-07-05,,,,,,,,,Bangalore,7,2013,5,4,0,Monsoon,36.926829268292686
2013-07-06,,,,,,,,,Bangalore,7,2013,6,5,1,Monsoon,32.853658536585364
2013-07-07,23.3,29.6,20.6,76.0,10.92,6.3,5.0,9.4,Bangalore,7,2013,7,6,1,Monsoon,50.48780487804878
2013-07-08,23.8,28.7,20.5,73.0,0.0,6.9,5.7,9.4,Bangalore,7,2013,8,0,0,Monsoon,44.58536585365854
2013-07-09,22.6,28.8,20.4,82.0,0.0,6.9,5.6,7.6,Bangalore,7,2013,9,1,0,Monsoon,29.92682926829268
2013-07-10,,,,,,,,,Bangalore,7,2013,10,2,0,Monsoon,33.94285714285714
2013-07-11,,,,,,,,,Bangalore,7,2013,11,3,0,Monsoon,60.26829268292683
2013-07-12,,,,,,,,,Bangalore,7,2013,12,4,0,Monsoon,36.75609756097561
2013-07-13,22.2,27.3,20.2,84.0,0.0,6.3,5.9,9.4,Bangalore,7,2013,13,5,1,Monsoon,36.073170731707314
2013-07-14,23.1,27.4,19.8,79.0,6.1,6.3,5.0,7.6,Bangalore,7,2013,14,6,1,Monsoon,38.73170731707317
2013-07-15,23.1,28.3,20.2,81.0,3.05,5.8,4.6,7.6,Bangalore,7,2013,15,0,0,Monsoon,40.24390243902439
2013-07-16,,,,,,,,,Bangalore,7,2013,16,1,0,Monsoon,53.39024390243903
2013-07-17,,,,,,,,,Bangalore,7,2013,17,2,0,Monsoon,54.46341463414634
2013-07-18,,,,,,,,,Bangalore,7,2013,18,3,0,Monsoon,67.41463414634147
2013-07-19,21.4,27.0,19.7,90.0,9.91,6.3,5.4,7.6,Bangalore,7,2013,19,4,0,Monsoon,39.926829268292686
2013-07-20,21.3,27.0,19.7,93.0,49.02,6.3,5.4,7.6,Bangalore,7,2013,20,5,1,Monsoon,32.48780487804878
2013-07-21,22.5,26.0,19.9,84.0,5.08,6.3,5.9,7.6,Bangalore,7,2013,21,6,1,Monsoon,70.29268292682927
2013-07-22,,,,,,,,,Bangalore,7,2013,22,0,0,Monsoon,52.09756097560975
2013-07-23,,,,,,,,,Bangalore,7,2013,23,1,0,Monsoon,34.65853658536585
2013-07-24,,,,,,,,,Bangalore,7,2013,24,2,0,Monsoon,46.46341463414634
2013-07-25,23.1,27.6,19.8,75.0,1.02,6.9,9.8,11.1,Bangalore,7,2013,25,3,0,Monsoon,32.65853658536585
2013-07-26,22.6,27.6,20.0,77.0,0.0,6.9,8.1,11.1,Bangalore,7,2013,26,4,0,Monsoon,38.73170731707317
2013-07-27,22.3,27.4,19.7,84.0,0.76,6.9,6.7,11.1,Bangalore,7,2013,27,5,1,Monsoon,24.341463414634145
2013-07-28,,,,,,,,,Bangalore,7,2013,28,6,1,Monsoon,62.04878048780488
2013-07-29,,,,,,,,,Bangalore,7,2013,29,0,0,Monsoon,29.804878048780488
2013-07-30,,,,,,,,,Bangalore,7,2013,30,1,0,Monsoon,37.34146341463415
2013-07-31,22.0,26.9,20.0,76.0,0.0,6.9,11.7,22.2,Bangalore,7,2013,31,2,0,Monsoon,15.609756097560975
2013-08-01,22.4,26.2,20.0,79.0,0.0,6.6,9.8,14.8,Bangalore,8,2013,1,3,0,Monsoon,40.170731707317074
2013-08-02,23.2,28.4,20.1,78.0,0.25,6.9,9.8,11.1,Bangalore,8,2013,2,4,0,Monsoon,25.317073170731707
2013-08-03,22.7,28.4,20.2,80.0,0.0,6.3,6.7,11.1,Bangalore,8,2013,3,5,1,Monsoon,26.82926829268293
2013-08-04,,,,,,,,,Bangalore,8,2013,4,6,1,Monsoon,40.609756097560975
2013-08-05,,,,,,,,,Bangalore,8,2013,5,0,0,Monsoon,40.41463414634146
2013-08-06,,,,,,,,,Bangalore,8,2013,6,1,0,Monsoon,41.31707317073171
2013-08-07,23.4,28.0,20.1,76.0,0.0,6.9,6.3,7.6,Bangalore,8,2013,7,2,0,Monsoon,51.04878048780488
2013-08-08,23.9,29.5,20.6,74.0,0.0,6.3,6.1,9.4,Bangalore,8,2013,8,3,0,Monsoon,37.85365853658536
2013-08-09,23.7,29.5,20.9,76.0,0.0,6.9,6.3,9.4,Bangalore,8,2013,9,4,0,Monsoon,29.536585365853657
2013-08-10,,,,,,,,,Bangalore,8,2013,10,5,1,Monsoon,36.65853658536585
2013-08-11,,,,,,,,,Bangalore,8,2013,11,6,1,Monsoon,33.0
2013-08-12,,,,,,,,,Bangalore,8,2013,12,0,0,Monsoon,35.170731707317074
2013-08-13,22.9,27.8,20.4,83.0,0.0,6.3,4.4,5.4,Bangalore,8,2013,13,1,0,Monsoon,35.390243902439025
2013-08-14,21.3,27.8,19.8,88.0,7.87,5.5,4.6,7.6,Bangalore,8,2013,14,2,0,Monsoon,26.65853658536585
2013-08-15,20.7,25.1,19.0,89.0,21.34,6.9,4.4,5.4,Bangalore,8,2013,15,3,0,Monsoon,20.21951219512195
2013-08-16,,,,,,,,,Bangalore,8,2013,16,4,0,Monsoon,18.634146341463413
2013-08-17,,,,,,,,,Bangalore,8,2013,17,5,1,Monsoon,26.146341463414632
2013-08-18,,,,,,,,,Bangalore,8,2013,18,6,1,Monsoon,32.97560975609756
2013-08-19,22.6,26.8,19.6,81.0,1.52,6.3,8.5,14.8,Bangalore,8,2013,19,0,0,Monsoon,37.95121951219512
2013-08-20,22.4,26.7,19.7,81.0,0.0,5.5,6.7,9.4,Bangalore,8,2013,20,1,0,Monsoon,42.39024390243903
2013-08-21,22.7,28.4,20.1,77.0,5.59,6.9,6.7,7.6,Bangalore,8,2013,21,2,0,Monsoon,49.09756097560975
2013-08-22,,,,,,,,,Bangalore,8,2013,22,3,0,Monsoon,26.48780487804878
2013-08-23,,,,,,,,,Bangalore,8,2013,23,4,0,Monsoon,67.65853658536585
2013-08-24,,,,,,,,,Bangalore,8,2013,24,5,1,Monsoon,60.73170731707317
2013-08-25,22.4,26.7,19.5,82.0,14.48,6.3,5.2,7.6,Bangalore,8,2013,25,6,1,Monsoon,82.36585365853658
2013-08-26,23.9,29.0,19.5,73.0,0.25,6.3,4.6,7.6,Bangalore,8,2013,26,0,0,Monsoon,65.60975609756098
2013-08-27,24.2,29.7,19.9,69.0,0.0,6.9,3.9,5.4,Bangalore,8,2013,27,1,0,Monsoon,30.75609756097561
2013-08-28,,,,,,,,,Bangalore,8,2013,28,2,0,Monsoon,31.29268292682927
2013-08-29,,,,,,,,,Bangalore,8,2013,29,3,0,Monsoon,38.609756097560975
2013-08-30,,,,,,,,,Bangalore,8,2013,30,4,0,Monsoon,46.48780487804878
2013-08-31,24.6,30.1,21.9,77.0,1.52,6.9,1.5,5.4,Bangalore,8,2013,31,5,1,Monsoon,35.5609756097561
2013-09-01,24.3,30.8,19.2,72.0,22.86,6.9,0.9,3.5,Bangalore,9,2013,1,6,1,Monsoon,31.853658536585368
2013-09-02,23.9,31.4,19.0,76.0,79.76,6.9,1.5,5.4,Bangalore,9,2013,2,0,0,Monsoon,29.97560975609756
2013-09-03,22.9,31.4,19.5,80.0,12.45,6.9,3.7,11.1,Bangalore,9,2013,3,1,0,Monsoon,30.195121951219512
2013-09-04,,,,,,,,,Bangalore,9,2013,4,2,0,Monsoon,31.463414634146343
2013-09-05,,,,,,,,,Bangalore,9,2013,5,3,0,Monsoon,34.19512195121951
2013-09-06,,,,,,,,,Bangalore,9,2013,6,4,0,Monsoon,31.0
2013-09-07,22.2,27.7,20.0,85.0,0.0,6.3,4.8,7.6,Bangalore,9,2013,7,5,1,Monsoon,39.52777777777778
2013-09-08,21.8,25.4,19.5,89.0,3.05,5.5,2.8,5.4,Bangalore,9,2013,8,6,1,Monsoon,48.05555555555556
2013-09-09,21.7,25.4,19.1,84.0,60.71,5.5,3.3,5.4,Bangalore,9,2013,9,0,0,Monsoon,56.583333333333336
2013-09-10,,,,,,,,,Bangalore,9,2013,10,1,0,Monsoon,65.11111111111111
2013-09-11,,,,,,,,,Bangalore,9,2013,11,2,0,Monsoon,73.63888888888889
2013-09-12,,,,,,,,,Bangalore,9,2013,12,3,0,Monsoon,82.16666666666667
2013-09-13,22.9,27.4,19.8,87.0,42.42,6.6,4.1,5.4,Bangalore,9,2013,13,4,0,Monsoon,93.21212121212122
2013-09-14,23.2,27.5,20.5,87.0,27.18,6.9,3.0,5.4,Bangalore,9,2013,14,5,1,Monsoon,83.17073170731707
2013-09-15,23.0,27.5,20.6,84.0,1.52,4.8,4.4,5.4,Bangalore,9,2013,15,6,1,Monsoon,72.0
2013-09-16,,,,,,,,,Bangalore,9,2013,16,0,0,Monsoon,62.97560975609756
2013-09-17,,,,,,,,,Bangalore,9,2013,17,1,0,Monsoon,52.21951219512195
2013-09-18,,,,,,,,,Bangalore,9,2013,18,2,0,Monsoon,56.39024390243903
2013-09-19,23.2,28.8,20.5,81.0,0.0,6.3,7.6,11.1,Bangalore,9,2013,19,3,0,Monsoon,65.95121951219512
2013-09-20,22.1,28.4,20.6,85.0,0.0,6.9,8.0,18.3,Bangalore,9,2013,20,4,0,Monsoon,64.14634146341463
2013-09-21,23.1,27.9,20.2,80.0,1.78,6.9,5.9,11.1,Bangalore,9,2013,21,5,1,Monsoon,23.682926829268293
2013-09-22,,,,,,,,,Bangalore,9,2013,22,6,1,Monsoon,34.80487804878049
2013-09-23,,,,,,,,,Bangalore,9,2013,23,0,0,Monsoon,48.24390243902439
2013-09-24,,,,,,,,,Bangalore,9,2013,24,1,0,Monsoon,48.63414634146341
2013-09-25,23.8,28.3,19.4,73.0,0.0,7.7,3.9,5.4,Bangalore,9,2013,25,2,0,Monsoon,44.34146341463415
2013-09-26,24.7,30.4,19.5,68.0,0.0,9.2,5.0,7.6,Bangalore,9,2013,26,3,0,Monsoon,42.8780487804878
2013-09-27,24.9,30.8,20.0,64.0,0.0,7.7,4.4,7.6,Bangalore,9,2013,27,4,0,Monsoon,38.5609756097561
2013-09-28,,,,,,,,,Bangalore,9,2013,28,5,1,Monsoon,48.14634146341464
2013-09-29,,,,,,,,,Bangalore,9,2013,29,6,1,Monsoon,73.2439024390244
2013-09-30,,,,,,,,,Bangalore,9,2013,30,0,0,Monsoon,35.875
2013-10-01,23.8,29.5,19.6,73.0,0.0,6.9,5.0,7.6,Bangalore,10,2013,1,1,0,Post-Monsoon,32.0
2013-10-02,24.2,29.5,21.1,73.0,0.0,6.9,6.3,11.1,Bangalore,10,2013,2,2,0,Post-Monsoon,27.146341463414632
2013-10-03,23.6,28.9,20.3,72.0,0.0,6.3,4.8,7.6,Bangalore,10,2013,3,3,0,Post-Monsoon,28.195121951219512
2013-10-04,,,,,,,,,Bangalore,10,2013,4,4,0,Post-Monsoon,31.951219512195124
2013-10-05,,,,,,,,,Bangalore,10,2013,5,5,1,Post-Monsoon,59.53658536585366
2013-10-06,,,,,,,,,Bangalore,10,2013,6,6,1,Post-Monsoon,67.6829268292683
2013-10-07,24.8,30.0,20.2,73.0,,7.7,4.1,5.4,Bangalore,10,2013,7,0,0,Post-Monsoon,60.95121951219512
2013-10-08,23.9,30.0,21.1,81.0,6.6,6.3,3.1,5.4,Bangalore,10,2013,8,1,0,Post-Monsoon,63.76923076923077
2013-10-09,23.2,28.4,19.2,80.0,22.35,6.3,3.7,9.4,Bangalore,10,2013,9,2,0,Post-Monsoon,41.36585365853659
2013-10-10,,,,,,,,,Bangalore,10,2013,10,3,0,Post-Monsoon,49.46341463414634
2013-10-11,,,,,,,,,Bangalore,10,2013,11,4,0,Post-Monsoon,41.073170731707314
2013-10-12,,,,,,,,,Bangalore,10,2013,12,5,1,Post-Monsoon,56.51219512195122
2013-10-13,23.9,28.9,20.0,71.0,0.0,6.9,6.7,7.6,Bangalore,10,2013,13,6,1,Post-Monsoon,77.60975609756098
2013-10-14,24.9,30.8,20.6,70.0,0.0,6.9,4.8,7.6,Bangalore,10,2013,14,0,0,Post-Monsoon,82.2439024390244
2013-10-15,24.1,30.8,21.6,79.0,,6.3,3.3,5.4,Bangalore,10,2013,15,1,0,Post-Monsoon,91.70731707317071
2013-10-16,,,,,,,,,Bangalore,10,2013,16,2,0,Post-Monsoon,114.2439024390244
2013-10-17,,,,,,,,,Bangalore,10,2013,17,3,0,Post-Monsoon,148.46341463414635
2013-10-18,,,,,,,,,Bangalore,10,2013,18,4,0,Post-Monsoon,143.02439024390245
2013-10-19,24.4,30.5,20.3,72.0,0.0,6.9,1.5,7.6,Bangalore,10,2013,19,5,1,Post-Monsoon,123.04878048780488
2013-10-20,21.9,30.4,20.1,81.0,3.3,6.3,0.9,5.4,Bangalore,10,2013,20,6,1,Post-Monsoon,135.85365853658536
2013-10-21,21.5,27.2,19.5,85.0,1.02,6.9,2.6,7.6,Bangalore,10,2013,21,0,0,Post-Monsoon,161.29268292682926
2013-10-22,,,,,,,,,Bangalore,10,2013,22,1,0,Post-Monsoon,171.02439024390245
2013-10-23,,,,,,,,,Bangalore,10,2013,23,2,0,Post-Monsoon,167.82926829268294
2013-10-24,,,,,,,,,Bangalore,10,2013,24,3,0,Post-Monsoon,172.21951219512195
2013-10-25,23.2,27.0,20.7,81.0,5.59,6.3,3.3,5.4,Bangalore,10,2013,25,4,0,Post-Monsoon,237.65853658536585
2013-10-26,23.4,29.4,20.7,78.0,0.0,6.9,4.3,5.4,Bangalore,10,2013,26,5,1,Post-Monsoon,252.3658536585366
2013-10-27,23.3,29.4,19.8,80.0,23.37,5.5,3.5,5.4,Bangalore,10,2013,27,6,1,Post-Monsoon,273.5609756097561
2013-10-28,,,,,,,,,Bangalore,10,2013,28,0,0,Post-Monsoon,222.3658536585366
2013-10-29,,,,,,,,,Bangalore,10,2013,29,1,0,Post-Monsoon,289.4146341463415
2013-10-30,,,,,,,,,Bangalore,10,2013,30,2,0,Post-Monsoon,211.5609756097561
2013-10-31,23.4,28.7,18.6,71.0,0.0,6.3,1.3,5.4,Bangalore,10,2013,31,3,0,Post-Monsoon,161.97560975609755
2013-11-01,24.2,29.6,19.6,73.0,0.0,6.9,2.2,5.4,Bangalore,11,2013,1,4,0,Post-Monsoon,96.3170731707317
2013-11-02,23.3,29.6,19.9,80.0,2.03,5.8,3.9,7.6,Bangalore,11,2013,2,5,1,Post-Monsoon,201.65853658536585
2013-11-03,22.9,29.0,20.0,78.0,0.76,6.0,4.3,7.6,Bangalore,11,2013,3,6,1,Post-Monsoon,327.45
2013-11-04,,,,,,,,,Bangalore,11,2013,4,0,0,Post-Monsoon,212.59259259259255
2013-11-05,,,,,,,,,Bangalore,11,2013,5,1,0,Post-Monsoon,422.4878048780488
2013-11-06,,,,,,,,,Bangalore,11,2013,6,2,0,Post-Monsoon,346.780487804878
2013-11-07,23.3,29.0,19.0,69.0,0.0,6.3,2.8,5.4,Bangalore,11,2013,7,3,0,Post-Monsoon,320.5365853658537
2013-11-08,22.2,29.0,18.4,69.0,0.0,6.9,1.5,5.4,Bangalore,11,2013,8,4,0,Post-Monsoon,281.0243902439024
2013-11-09,22.2,28.2,17.3,68.0,0.0,6.9,2.2,5.4,Bangalore,11,2013,9,5,1,Post-Monsoon,178.82926829268294
2013-11-10,,,,,,,,,Bangalore,11,2013,10,6,1,Post-Monsoon,238.53658536585365
2013-11-11,,,,,,,,,Bangalore,11,2013,11,0,0,Post-Monsoon,148.82926829268294
2013-11-12,,,,,,,,,Bangalore,11,2013,12,1,0,Post-Monsoon,163.9268292682927
2013-11-13,21.8,28.6,18.5,71.0,0.0,6.3,0.0,,Bangalore,11,2013,13,2,0,Post-Monsoon,213.4878048780488
2013-11-14,22.0,28.0,17.8,67.0,0.0,5.5,1.1,3.5,Bangalore,11,2013,14,3,0,Post-Monsoon,216.40540540540545
2013-11-15,21.4,28.0,15.6,63.0,0.0,6.3,1.1,3.5,Bangalore,11,2013,15,4,0,Post-Monsoon,209.90243902439025
2013-11-16,,,,,,,,,Bangalore,11,2013,16,5,1,Post-Monsoon,203.6341463414634
2013-11-17,,,,,,,,,Bangalore,11,2013,17,6,1,Post-Monsoon,243.46341463414635
2013-11-18,,,,,,,,,Bangalore,11,2013,18,0,0,Post-Monsoon,169.3170731707317
2013-11-19,22.4,29.0,16.8,74.0,0.0,6.3,1.9,3.5,Bangalore,11,2013,19,1,0,Post-Monsoon,160.09756097560975
2013-11-20,22.3,29.0,18.2,68.0,0.0,6.3,1.3,3.5,Bangalore,11,2013,20,2,0,Post-Monsoon,128.70731707317074
2013-11-21,22.7,30.0,16.5,65.0,0.0,6.9,1.1,3.5,Bangalore,11,2013,21,3,0,Post-Monsoon,186.90243902439025
2013-11-22,,,,,,,,,Bangalore,11,2013,22,4,0,Post-Monsoon,256.3170731707317
2013-11-23,,,,,,,,,Bangalore,11,2013,23,5,1,Post-Monsoon,266.8048780487805
2013-11-24,,,,,,,,,Bangalore,11,2013,24,6,1,Post-Monsoon,207.3658536585366
2013-11-25,22.5,28.5,19.8,80.0,0.51,6.3,2.0,5.4,Bangalore,11,2013,25,0,0,Post-Monsoon,132.6829268292683
2013-11-26,23.1,29.2,19.2,74.0,2.29,6.9,1.1,5.4,Bangalore,11,2013,26,1,0,Post-Monsoon,104.04878048780488
2013-11-27,22.7,29.2,18.8,67.0,0.0,6.9,0.4,3.5,Bangalore,11,2013,27,2,0,Post-Monsoon,146.9512195121951
2013-11-28,,,,,,,,,Bangalore,11,2013,28,3,0,Post-Monsoon,213.7317073170732
2013-11-29,,,,,,,,,Bangalore,11,2013,29,4,0,Post-Monsoon,180.9268292682927
2013-11-30,,,,,,,,,Bangalore,11,2013,30,5,1,Post-Monsoon,123.70731707317071
2013-12-01,23.1,29.9,20.0,76.0,0.25,6.9,3.1,5.4,Bangalore,12,2013,1,6,1,Winter,115.09756097560977
2013-12-02,22.5,28.3,19.4,74.0,0.0,7.7,2.4,5.4,Bangalore,12,2013,2,0,0,Winter,178.1951219512195
2013-12-03,21.9,28.0,18.4,67.0,0.0,6.9,3.1,5.4,Bangalore,12,2013,3,1,0,Winter,182.97560975609755
2013-12-04,,,,,,,,,Bangalore,12,2013,4,2,0,Winter,195.85365853658536
2013-12-05,,,,,,,,,Bangalore,12,2013,5,3,0,Winter,144.3658536585366
2013-12-06,,,,,,,,,Bangalore,12,2013,6,4,0,Winter,169.5609756097561
2013-12-07,20.2,28.4,15.7,67.0,0.0,6.3,1.9,3.5,Bangalore,12,2013,7,5,1,Winter,234.390243902439
2013-12-08,21.3,28.0,16.8,68.0,0.0,6.9,0.9,3.5,Bangalore,12,2013,8,6,1,Winter,363.9268292682927
2013-12-09,21.2,28.7,15.9,54.0,0.0,6.9,0.7,5.4,Bangalore,12,2013,9,0,0,Winter,303.7073170731707
2013-12-10,,,,,,,,,Bangalore,12,2013,10,1,0,Winter,232.2439024390244
2013-12-11,,,,,,,,,Bangalore,12,2013,11,2,0,Winter,179.70731707317074
2013-12-12,,,,,,,,,Bangalore,12,2013,12,3,0,Winter,122.0
2013-12-13,22.3,27.0,18.6,71.0,0.0,6.3,3.5,5.4,Bangalore,12,2013,13,4,0,Winter,109.04878048780488
2013-12-14,22.6,27.7,19.5,75.0,0.0,6.3,3.5,5.4,Bangalore,12,2013,14,5,1,Winter,202.70731707317077
2013-12-15,22.3,30.3,16.0,56.0,0.0,6.0,1.3,3.5,Bangalore,12,2013,15,6,1,Winter,250.7317073170732
2013-12-16,,,,,,,,,Bangalore,12,2013,16,0,0,Winter,407.7073170731707
2013-12-17,,,,,,,,,Bangalore,12,2013,17,1,0,Winter,464.780487804878
2013-12-18,,,,,,,,,Bangalore,12,2013,18,2,0,Winter,367.9024390243902
2013-12-19,20.2,27.2,14.7,66.0,0.0,6.9,0.9,3.5,Bangalore,12,2013,19,3,0,Winter,274.5853658536585
2013-12-20,20.4,28.9,14.5,65.0,0.0,6.8,1.3,3.5,Bangalore,12,2013,20,4,0,Winter,282.2439024390244
2013-12-21,20.6,28.9,14.9,61.0,0.0,6.9,3.1,3.5,Bangalore,12,2013,21,5,1,Winter,293.5609756097561
2013-12-22,,,,,,,,,Bangalore,12,2013,22,6,1,Winter,251.58536585365852
2013-12-23,,,,,,,,,Bangalore,12,2013,23,0,0,Winter,174.2439024390244
2013-12-24,,,,,,,,,Bangalore,12,2013,24,1,0,Winter,171.390243902439
2013-12-25,20.8,27.3,15.6,70.0,0.0,6.0,3.5,5.4,Bangalore,12,2013,25,2,0,Winter,159.3658536585366
2013-12-26,19.9,27.3,14.9,68.0,0.0,6.3,3.3,5.4,Bangalore,12,2013,26,3,0,Winter,163.390243902439
2013-12-27,20.6,27.4,16.0,65.0,0.0,6.3,3.9,7.6,Bangalore,12,2013,27,4,0,Winter,178.4878048780488
2013-12-28,,,,,,,,,Bangalore,12,2013,28,5,1,Winter,165.0
2013-12-29,,,,,,,,,Bangalore,12,2013,29,6,1,Winter,246.7
2013-12-30,,,,,,,,,Bangalore,12,2013,30,0,0,Winter,210.76
2013-12-31,20.1,27.5,14.9,67.0,0.0,6.9,4.3,5.4,Bangalore,12,2013,31,1,0,Winter,97.1951219512195
2014-01-01,20.3,26.4,16.0,70.0,0.0,6.3,3.1,3.5,Bangalore,1,2014,1,2,0,Winter,256.2608695652174
2014-01-02,20.1,26.4,16.6,70.0,0.0,5.5,2.8,3.5,Bangalore,1,2014,2,3,0,Winter,225.22727272727272
2014-01-03,21.2,28.4,15.0,67.0,0.0,6.9,2.4,5.4,Bangalore,1,2014,3,4,0,Winter,232.54545454545453
2014-01-04,,,,,,,,,Bangalore,1,2014,4,5,1,Winter,390.3478260869565
2014-01-05,,,,,,,,,Bangalore,1,2014,5,6,1,Winter,534.5217391304348
2014-01-06,,,,,,,,,Bangalore,1,2014,6,0,0,Winter,316.39130434782606
2014-01-07,21.4,30.8,15.0,53.0,0.0,6.9,2.8,3.5,Bangalore,1,2014,7,1,0,Winter,297.1304347826087
2014-01-08,20.7,29.3,15.5,65.0,0.0,6.9,5.9,13.0,Bangalore,1,2014,8,2,0,Winter,258.9130434782609
2014-01-09,21.0,28.0,15.8,67.0,0.0,6.3,4.3,5.4,Bangalore,1,2014,9,3,0,Winter,414.6363636363636
2014-01-10,,,,,,,,,Bangalore,1,2014,10,4,0,Winter,472.3181818181818
2014-01-11,,,,,,,,,Bangalore,1,2014,11,5,1,Winter,213.95652173913044
2014-01-12,,,,,,,,,Bangalore,1,2014,12,6,1,Winter,246.43478260869568
2014-01-13,22.0,30.6,15.6,57.0,0.0,6.9,5.0,5.4,Bangalore,1,2014,13,0,0,Winter,323.1428571428572
2014-01-14,22.4,30.5,17.0,52.0,0.0,7.7,3.9,5.4,Bangalore,1,2014,14,1,0,Winter,260.1428571428572
2014-01-15,22.1,29.5,16.3,59.0,0.0,6.9,3.3,5.4,Bangalore,1,2014,15,2,0,Winter,376.0
2014-01-16,,,,,,,,,Bangalore,1,2014,16,3,0,Winter,359.17391304347825
2014-01-17,,,,,,,,,Bangalore,1,2014,17,4,0,Winter,259.57142857142856
2014-01-18,,,,,,,,,Bangalore,1,2014,18,5,1,Winter,218.40934065934064
2014-01-19,21.8,28.5,16.9,68.0,0.0,6.9,5.0,5.4,Bangalore,1,2014,19,6,1,Winter,177.24725274725273
2014-01-20,20.9,28.1,17.0,66.0,0.0,6.9,3.5,5.4,Bangalore,1,2014,20,0,0,Winter,136.08516483516482
2014-01-21,20.4,27.4,15.2,61.0,0.0,6.9,3.9,5.4,Bangalore,1,2014,21,1,0,Winter,94.92307692307692
2014-01-22,,,,,,,,,Bangalore,1,2014,22,2,0,Winter,115.0
2014-01-23,,,,,,,,,Bangalore,1,2014,23,3,0,Winter,151.86363636363637
2014-01-24,,,,,,,,,Bangalore,1,2014,24,4,0,Winter,181.30434782608697
2014-01-25,22.0,29.5,16.9,58.0,0.0,6.9,3.9,5.4,Bangalore,1,2014,25,5,1,Winter,200.7391304347826
2014-01-26,21.4,29.4,15.5,57.0,0.0,6.9,3.3,5.4,Bangalore,1,2014,26,6,1,Winter,203.7826086956522
2014-01-27,21.0,27.7,16.4,61.0,0.0,6.9,3.7,7.6,Bangalore,1,2014,27,0,0,Winter,214.2608695652174
2014-01-28,,,,,,,,,Bangalore,1,2014,28,1,0,Winter,201.2173913043478
2014-01-29,,,,,,,,,Bangalore,1,2014,29,2,0,Winter,307.7826086956522
2014-01-30,,,,,,,,,Bangalore,1,2014,30,3,0,Winter,322.39130434782606
2014-01-31,22.0,29.4,15.4,56.0,0.0,6.9,2.8,7.6,Bangalore,1,2014,31,4,0,Winter,311.9130434782609
2014-02-01,22.2,29.8,17.0,65.0,0.0,6.9,4.8,7.6,Bangalore,2,2014,1,5,1,Winter,327.7826086956522
2014-02-02,22.7,29.7,18.0,59.0,0.0,6.9,3.1,5.4,Bangalore,2,2014,2,6,1,Winter,239.82608695652172
2014-02-03,23.0,31.4,15.7,48.0,0.0,6.9,1.9,3.5,Bangalore,2,2014,3,0,0,Winter,209.72727272727272
2014-02-04,,,,,,,,,Bangalore,2,2014,4,1,0,Winter,186.30434782608697
2014-02-05,,,,,,,,,Bangalore,2,2014,5,2,0,Winter,185.30434782608697
2014-02-06,,,,,,,,,Bangalore,2,2014,6,3,0,Winter,169.7826086956522
2014-02-07,23.8,32.6,16.5,29.0,0.0,6.9,2.4,5.4,Bangalore,2,2014,7,4,0,Winter,100.95454545454544
2014-02-08,23.6,32.1,15.5,35.0,0.0,6.9,2.0,5.4,Bangalore,2,2014,8,5,1,Winter,143.2608695652174
2014-02-09,23.6,32.7,15.7,39.0,0.0,6.9,0.0,,Bangalore,2,2014,9,6,1,Winter,102.04545454545456
2014-02-10,,,,,,,,,Bangalore,2,2014,10,0,0,Winter,123.17391304347828
2014-02-11,,,,,,,,,Bangalore,2,2014,11,1,0,Winter,163.2173913043478
2014-02-12,,,,,,,,,Bangalore,2,2014,12,2,0,Winter,149.7826086956522
2014-02-13,24.6,31.8,19.0,54.0,0.0,6.9,2.8,5.4,Bangalore,2,2014,13,3,0,Winter,167.7391304347826
2014-02-14,24.3,31.6,19.2,60.0,0.0,6.3,2.4,5.4,Bangalore,2,2014,14,4,0,Winter,117.56521739130434
2014-02-15,24.7,31.6,20.2,63.0,0.0,6.3,2.2,5.4,Bangalore,2,2014,15,5,1,Winter,136.1304347826087
2014-02-16,,,,,,,,,Bangalore,2,2014,16,6,1,Winter,196.69565217391303
2014-02-17,,,,,,,,,Bangalore,2,2014,17,0,0,Winter,129.95652173913044
2014-02-18,,,,,,,,,Bangalore,2,2014,18,1,0,Winter,146.17391304347825
2014-02-19,23.4,30.1,19.2,65.0,0.0,6.3,4.3,7.6,Bangalore,2,2014,19,2,0,Winter,230.17391304347825
2014-02-20,23.0,30.1,19.1,65.0,0.0,6.3,3.5,3.5,Bangalore,2,2014,20,3,0,Winter,275.44444444444446
2014-02-21,23.9,30.3,19.2,63.0,0.0,6.9,2.2,3.5,Bangalore,2,2014,21,4,0,Winter,213.30434782608697
2014-02-22,,,,,,,,,Bangalore,2,2014,22,5,1,Winter,170.47826086956522
2014-02-23,,,,,,,,,Bangalore,2,2014,23,6,1,Winter,184.0
2014-02-24,,,,,,,,,Bangalore,2,2014,24,0,0,Winter,152.66666666666666
2014-02-25,23.4,30.8,19.7,64.0,0.25,6.3,4.4,5.4,Bangalore,2,2014,25,1,0,Winter,130.875
2014-02-26,24.2,32.0,19.3,49.0,0.0,6.9,4.4,5.4,Bangalore,2,2014,26,2,0,Winter,206.8095238095238
2014-02-27,24.5,32.0,17.6,50.0,0.0,6.9,3.1,5.4,Bangalore,2,2014,27,3,0,Winter,130.7391304347826
2014-02-28,,,,,,,,,Bangalore,2,2014,28,4,0,Winter,67.69565217391305
2014-03-01,23.8,31.1,19.9,71.0,0.0,6.9,5.0,7.6,Bangalore,3,2014,1,5,1,Summer,121.52173913043478
2014-03-02,24.9,32.0,19.3,64.0,4.06,6.9,3.9,5.4,Bangalore,3,2014,2,6,1,Summer,116.21739130434784
2014-03-03,23.8,32.0,20.2,67.0,0.0,6.9,5.2,7.6,Bangalore,3,2014,3,0,0,Summer,154.30434782608697
2014-03-04,,,,,,,,,Bangalore,3,2014,4,1,0,Summer,115.30434782608695
2014-03-05,,,,,,,,,Bangalore,3,2014,5,2,0,Summer,113.52173913043478
2014-03-06,,,,,,,,,Bangalore,3,2014,6,3,0,Summer,92.17391304347828
2014-03-07,23.9,30.6,19.9,67.0,0.51,6.9,4.6,5.4,Bangalore,3,2014,7,4,0,Summer,129.7391304347826
2014-03-08,24.6,31.6,18.6,61.0,0.76,6.9,4.1,7.6,Bangalore,3,2014,8,5,1,Summer,109.56521739130434
2014-03-09,24.2,31.6,18.2,54.0,0.0,6.8,5.4,7.6,Bangalore,3,2014,9,6,1,Summer,143.34782608695653
2014-03-10,,,,,,,,,Bangalore,3,2014,10,0,0,Summer,40.04347826086956
2014-03-11,,,,,,,,,Bangalore,3,2014,11,1,0,Summer,45.30434782608695
2014-03-12,,,,,,,,,Bangalore,3,2014,12,2,0,Summer,56.38095238095238
2014-03-13,24.9,31.8,16.6,35.0,0.0,6.9,3.5,5.4,Bangalore,3,2014,13,3,0,Summer,74.91304347826087
2014-03-14,25.3,32.8,19.0,31.0,0.0,6.9,4.1,7.6,Bangalore,3,2014,14,4,0,Summer,143.56521739130434
2014-03-15,25.6,33.1,17.1,31.0,0.0,6.9,3.1,5.4,Bangalore,3,2014,15,5,1,Summer,179.33333333333334
2014-03-16,,,,,,,,,Bangalore,3,2014,16,6,1,Summer,158.91304347826087
2014-03-17,,,,,,,,,Bangalore,3,2014,17,0,0,Summer,163.65217391304347
2014-03-18,,,,,,,,,Bangalore,3,2014,18,1,0,Summer,63.65217391304348
2014-03-19,27.1,35.4,18.7,31.0,0.0,6.9,3.5,5.4,Bangalore,3,2014,19,2,0,Summer,80.34782608695652
2014-03-20,28.2,35.9,20.8,33.0,0.0,7.7,0.9,3.5,Bangalore,3,2014,20,3,0,Summer,98.95652173913044
2014-03-21,27.9,35.9,22.4,42.0,0.0,6.9,1.1,5.4,Bangalore,3,2014,21,4,0,Summer,107.08695652173913
2014-03-22,,,,,,,,,Bangalore,3,2014,22,5,1,Summer,99.1304347826087
2014-03-23,,,,,,,,,Bangalore,3,2014,23,6,1,Summer,215.2608695652174
2014-03-24,,,,,,,,,Bangalore,3,2014,24,0,0,Summer,72.78260869565217
2014-03-25,27.6,35.3,20.5,37.0,0.0,6.9,2.4,5.4,Bangalore,3,2014,25,1,0,Summer,103.47826086956522
2014-03-26,27.3,35.3,20.3,38.0,0.0,6.9,2.6,7.6,Bangalore,3,2014,26,2,0,Summer,107.65217391304348
2014-03-27,26.8,34.6,19.4,33.0,0.0,6.9,2.2,5.4,Bangalore,3,2014,27,3,0,Summer,101.0
2014-03-28,,,,,,,,,Bangalore,3,2014,28,4,0,Summer,139.72222222222223
2014-03-29,,,,,,,,,Bangalore,3,2014,29,5,1,Summer,101.08695652173913
2014-03-30,,,,,,,,,Bangalore,3,2014,30,6,1,Summer,59.43478260869565
2014-03-31,28.6,36.0,23.5,33.0,0.0,6.9,1.3,3.5,Bangalore,3,2014,31,0,0,Summer,73.30434782608695
2014-04-01,28.3,35.8,21.9,49.0,0.0,6.9,2.8,3.5,Bangalore,4,2014,1,1,0,Summer,101.95652173913044
2014-04-02,29.2,35.8,23.4,43.0,0.0,6.9,3.3,7.6,Bangalore,4,2014,2,2,0,Summer,107.21739130434784
2014-04-03,28.9,36.0,23.3,40.0,0.0,6.9,3.3,5.4,Bangalore,4,2014,3,3,0,Summer,90.6086956521739
2014-04-04,,,,,,,,,Bangalore,4,2014,4,4,0,Summer,71.95652173913044
2014-04-05,,,,,,,,,Bangalore,4,2014,5,5,1,Summer,76.6086956521739
2014-04-06,,,,,,,,,Bangalore,4,2014,6,6,1,Summer,112.95652173913044
2014-04-07,28.6,36.2,22.3,38.0,0.0,6.9,2.4,5.4,Bangalore,4,2014,7,0,0,Summer,46.73913043478261
2014-04-08,28.5,36.4,22.6,47.0,0.0,6.9,4.3,7.6,Bangalore,4,2014,8,1,0,Summer,46.30434782608695
2014-04-09,25.7,36.4,20.4,59.0,8.89,6.6,3.9,5.4,Bangalore,4,2014,9,2,0,Summer,67.26086956521739
2014-04-10,,,,,,,,,Bangalore,4,2014,10,3,0,Summer,64.78260869565217
2014-04-11,,,,,,,,,Bangalore,4,2014,11,4,0,Summer,77.47826086956522
2014-04-12,,,,,,,,,Bangalore,4,2014,12,5,1,Summer,115.2608695652174
2014-04-13,27.1,34.5,22.3,59.0,0.0,6.9,3.0,3.5,Bangalore,4,2014,13,6,1,Summer,56.73913043478261
2014-04-14,27.7,34.5,23.1,56.0,5.08,6.9,2.8,7.6,Bangalore,4,2014,14,0,0,Summer,76.30434782608695
2014-04-15,27.6,34.0,22.7,56.0,0.0,6.9,3.0,5.4,Bangalore,4,2014,15,1,0,Summer,121.7391304347826
2014-04-16,,,,,,,,,Bangalore,4,2014,16,2,0,Summer,98.30434782608695
2014-04-17,,,,,,,,,Bangalore,4,2014,17,3,0,Summer,77.26086956521739
2014-04-18,,,,,,,,,Bangalore,4,2014,18,4,0,Summer,48.21739130434783
2014-04-19,28.6,35.4,22.2,47.0,0.51,6.9,2.4,5.4,Bangalore,4,2014,19,5,1,Summer,78.1304347826087
2014-04-20,28.7,35.5,23.4,36.0,0.0,6.9,1.9,3.5,Bangalore,4,2014,20,6,1,Summer,138.56521739130434
2014-04-21,28.7,35.5,21.5,34.0,0.0,7.7,1.5,5.4,Bangalore,4,2014,21,0,0,Summer,88.91304347826087
2014-04-22,,,,,,,,,Bangalore,4,2014,22,1,0,Summer,63.17391304347826
2014-04-23,,,,,,,,,Bangalore,4,2014,23,2,0,Summer,79.91304347826087
2014-04-24,,,,,,,,,Bangalore,4,2014,24,3,0,Summer,138.43478260869566
2014-04-25,29.8,36.5,23.8,53.0,0.0,7.7,3.3,5.4,Bangalore,4,2014,25,4,0,Summer,117.0
2014-04-26,29.6,36.5,24.7,52.0,0.0,6.9,1.9,3.5,Bangalore,4,2014,26,5,1,Summer,97.7391304347826
2014-04-27,29.3,36.3,24.8,49.0,0.0,6.9,2.8,3.5,Bangalore,4,2014,27,6,1,Summer,92.9090909090909
2014-04-28,,,,,,,,,Bangalore,4,2014,28,0,0,Summer,100.43478260869566
2014-04-29,,,,,,,,,Bangalore,4,2014,29,1,0,Summer,116.1304347826087
2014-04-30,,,,,,,,,Bangalore,4,2014,30,2,0,Summer,118.47826086956522
2014-05-01,28.8,36.0,24.2,50.0,0.0,6.9,3.9,5.4,Bangalore,5,2014,1,3,0,Summer,130.6086956521739
2014-05-02,28.6,35.8,24.6,50.0,0.51,6.3,3.9,7.6,Bangalore,5,2014,2,4,0,Summer,92.47826086956522
2014-05-03,27.8,35.8,20.0,56.0,0.0,6.9,3.1,7.6,Bangalore,5,2014,3,5,1,Summer,55.30434782608695
2014-05-04,,,,,,,,,Bangalore,5,2014,4,6,1,Summer,79.1304347826087
2014-05-05,,,,,,,,,Bangalore,5,2014,5,0,0,Summer,79.73913043478261
2014-05-06,,,,,,,,,Bangalore,5,2014,6,1,0,Summer,73.47826086956522
2014-05-07,24.5,30.6,21.4,76.0,2.03,7.7,5.2,7.6,Bangalore,5,2014,7,2,0,Summer,103.21739130434784
2014-05-08,22.8,26.7,21.0,86.0,0.0,6.3,5.2,5.4,Bangalore,5,2014,8,3,0,Summer,205.0
2014-05-09,24.1,28.3,20.5,78.0,6.6,6.9,4.6,7.6,Bangalore,5,2014,9,4,0,Summer,118.91304347826087
2014-05-10,,,,,,,,,Bangalore,5,2014,10,5,1,Summer,120.47826086956522
2014-05-11,,,,,,,,,Bangalore,5,2014,11,6,1,Summer,85.30434782608695
2014-05-12,,,,,,,,,Bangalore,5,2014,12,0,0,Summer,87.91304347826087
2014-05-13,27.4,35.6,23.8,60.0,0.25,6.9,3.9,7.6,Bangalore,5,2014,13,1,0,Summer,61.34782608695652
2014-05-14,28.8,35.6,22.8,47.0,0.0,6.9,4.1,7.6,Bangalore,5,2014,14,2,0,Summer,70.08695652173913
2014-05-15,28.6,35.5,22.8,49.0,0.0,6.9,3.9,5.4,Bangalore,5,2014,15,3,0,Summer,135.0
2014-05-16,,,,,,,,,Bangalore,5,2014,16,4,0,Summer,85.73913043478261
2014-05-17,,,,,,,,,Bangalore,5,2014,17,5,1,Summer,107.69565217391305
2014-05-18,,,,,,,,,Bangalore,5,2014,18,6,1,Summer,77.73913043478261
2014-05-19,28.4,35.5,23.6,56.0,0.0,7.7,3.7,14.8,Bangalore,5,2014,19,0,0,Summer,53.43478260869565
2014-05-20,25.8,33.9,21.4,71.0,4.06,6.9,1.5,5.4,Bangalore,5,2014,20,1,0,Summer,65.30434782608695
2014-05-21,26.3,33.0,21.2,65.0,0.0,7.4,4.3,7.6,Bangalore,5,2014,21,2,0,Summer,83.91304347826087
2014-05-22,,,,,,,,,Bangalore,5,2014,22,3,0,Summer,85.6086956521739
2014-05-23,,,,,,,,,Bangalore,5,2014,23,4,0,Summer,67.04347826086956
2014-05-24,,,,,,,,,Bangalore,5,2014,24,5,1,Summer,44.43478260869565
2014-05-25,26.4,35.2,18.9,62.0,9.4,9.2,4.4,5.4,Bangalore,5,2014,25,6,1,Summer,41.52173913043478
2014-05-26,27.8,34.4,22.2,61.0,0.0,7.7,2.4,5.4,Bangalore,5,2014,26,0,0,Summer,44.82608695652174
2014-05-27,25.8,34.5,20.2,70.0,,6.9,3.9,5.4,Bangalore,5,2014,27,1,0,Summer,101.17391304347828
2014-05-28,,,,,,,,,Bangalore,5,2014,28,2,0,Summer,117.2608695652174
2014-05-29,,,,,,,,,Bangalore,5,2014,29,3,0,Summer,120.95652173913044
2014-05-30,,,,,,,,,Bangalore,5,2014,30,4,0,Summer,146.08695652173913
2014-05-31,28.1,35.0,22.3,57.0,0.0,7.4,3.3,5.4,Bangalore,5,2014,31,5,1,Summer,147.1304347826087
2014-06-01,27.6,35.0,20.1,60.0,13.72,6.9,3.9,5.4,Bangalore,6,2014,1,6,1,Monsoon,44.26086956521739
2014-06-02,25.9,34.5,20.4,70.0,0.0,6.9,4.6,7.6,Bangalore,6,2014,2,0,0,Monsoon,75.0
2014-06-03,24.5,29.2,20.0,75.0,0.0,6.9,2.8,3.5,Bangalore,6,2014,3,1,0,Monsoon,55.16666666666666
2014-06-04,,,,,,,,,Bangalore,6,2014,4,2,0,Monsoon,85.47826086956522
2014-06-05,,,,,,,,,Bangalore,6,2014,5,3,0,Monsoon,83.56521739130434
2014-06-06,,,,,,,,,Bangalore,6,2014,6,4,0,Monsoon,96.35
2014-06-07,25.9,31.2,22.2,72.0,0.0,7.7,6.1,11.1,Bangalore,6,2014,7,5,1,Monsoon,101.91304347826087
2014-06-08,25.9,31.3,20.9,73.0,0.0,6.9,7.4,9.4,Bangalore,6,2014,8,6,1,Monsoon,76.3913043478261
2014-06-09,24.6,31.3,22.2,74.0,0.0,6.9,9.4,22.2,Bangalore,6,2014,9,0,0,Monsoon,85.81818181818181
2014-06-10,,,,,,,,,Bangalore,6,2014,10,1,0,Monsoon,83.65217391304348
2014-06-11,,,,,,,,,Bangalore,6,2014,11,2,0,Monsoon,82.17391304347827
2014-06-12,,,,,,,,,Bangalore,6,2014,12,3,0,Monsoon,57.0
2014-06-13,24.1,30.7,21.9,74.0,,5.8,8.1,14.8,Bangalore,6,2014,13,4,0,Monsoon,48.869565217391305
2014-06-14,25.4,30.2,21.4,67.0,0.0,9.2,8.9,9.4,Bangalore,6,2014,14,5,1,Monsoon,85.94444444444444
2014-06-15,25.2,31.0,21.6,71.0,0.0,7.7,9.3,14.8,Bangalore,6,2014,15,6,1,Monsoon,116.0
2014-06-16,,,,,,,,,Bangalore,6,2014,16,0,0,Monsoon,60.42857142857143
2014-06-17,,,,,,,,,Bangalore,6,2014,17,1,0,Monsoon,52.130434782608695
2014-06-18,,,,,,,,,Bangalore,6,2014,18,2,0,Monsoon,125.13333333333334
2014-06-19,24.4,29.4,20.8,72.0,0.0,6.9,9.8,11.1,Bangalore,6,2014,19,3,0,Monsoon,73.0
2014-06-20,24.7,29.2,21.2,71.0,0.0,7.4,9.1,11.1,Bangalore,6,2014,20,4,0,Monsoon,62.1
2014-06-21,25.3,30.4,21.2,69.0,0.0,6.6,8.7,11.1,Bangalore,6,2014,21,5,1,Monsoon,78.26086956521739
2014-06-22,,,,,,,,,Bangalore,6,2014,22,6,1,Monsoon,73.52173913043478
2014-06-23,,,,,,,,,Bangalore,6,2014,23,0,0,Monsoon,59.08695652173913
2014-06-24,,,,,,,,,Bangalore,6,2014,24,1,0,Monsoon,60.78260869565217
2014-06-25,26.0,32.0,21.4,61.0,0.0,6.9,5.7,7.6,Bangalore,6,2014,25,2,0,Monsoon,47.869565217391305
2014-06-26,26.6,33.0,21.4,60.0,0.0,6.9,4.3,5.4,Bangalore,6,2014,26,3,0,Monsoon,82.88888888888889
2014-06-27,27.4,33.6,22.2,58.0,0.0,7.7,2.4,3.5,Bangalore,6,2014,27,4,0,Monsoon,79.61904761904762
2014-06-28,,,,,,,,,Bangalore,6,2014,28,5,1,Monsoon,70.26086956521739
2014-06-29,,,,,,,,,Bangalore,6,2014,29,6,1,Monsoon,75.56521739130434
2014-06-30,,,,,,,,,Bangalore,6,2014,30,0,0,Monsoon,205.08333333333331
2014-07-01,24.9,31.3,21.1,75.0,22.61,6.9,5.9,9.4,Bangalore,7,2014,1,1,0,Monsoon,233.26315789473685
2014-07-02,25.4,30.6,21.8,69.0,0.0,6.9,5.2,7.6,Bangalore,7,2014,2,2,0,Monsoon,104.22222222222224
2014-07-03,25.5,30.8,20.8,64.0,0.0,6.9,6.9,14.8,Bangalore,7,2014,3,3,0,Monsoon,247.14285714285717
2014-07-04,,,,,,,,,Bangalore,7,2014,4,4,0,Monsoon,104.6
2014-07-05,,,,,,,,,Bangalore,7,2014,5,5,1,Monsoon,151.76470588235293
2014-07-06,,,,,,,,,Bangalore,7,2014,6,6,1,Monsoon,119.42857142857144
2014-07-07,23.1,27.5,20.8,81.0,1.02,6.9,6.3,11.1,Bangalore,7,2014,7,0,0,Monsoon,118.27272727272728
2014-07-08,22.6,27.5,20.3,82.0,0.0,6.9,5.2,9.4,Bangalore,7,2014,8,1,0,Monsoon,64.47619047619048
2014-07-09,22.7,28.6,19.9,83.0,1.02,6.9,5.6,7.6,Bangalore,7,2014,9,2,0,Monsoon,69.21739130434783
2014-07-10,,,,,,,,,Bangalore,7,2014,10,3,0,Monsoon,63.85
2014-07-11,,,,,,,,,Bangalore,7,2014,11,4,0,Monsoon,73.0952380952381
2014-07-12,,,,,,,,,Bangalore,7,2014,12,5,1,Monsoon,151.66666666666666
2014-07-13,,,,,,,,,Bangalore,7,2014,13,6,1,Monsoon,283.2307692307692
2014-07-14,23.6,27.1,20.3,76.0,9.91,6.6,8.7,14.8,Bangalore,7,2014,14,0,0,Monsoon,216.72727272727272
2014-07-15,23.0,26.6,21.0,80.0,0.0,5.8,9.6,14.8,Bangalore,7,2014,15,1,0,Monsoon,139.0
2014-07-16,24.0,28.5,20.6,74.0,,9.2,7.6,16.5,Bangalore,7,2014,16,2,0,Monsoon,240.88888888888889
2014-07-17,,,,,,,,,Bangalore,7,2014,17,3,0,Monsoon,275.57142857142856
2014-07-18,,,,,,,,,Bangalore,7,2014,18,4,0,Monsoon,30.39130434782609
2014-07-19,,,,,,,,,Bangalore,7,2014,19,5,1,Monsoon,104.5
2014-07-20,23.3,28.4,20.0,77.0,1.27,6.3,6.7,11.1,Bangalore,7,2014,20,6,1,Monsoon,237.0
2014-07-21,23.9,28.9,21.0,74.0,0.0,6.3,11.1,14.8,Bangalore,7,2014,21,0,0,Monsoon,159.0
2014-07-22,23.2,28.0,21.4,81.0,8.89,6.6,7.4,14.8,Bangalore,7,2014,22,1,0,Monsoon,198.2
2014-07-23,,,,,,,,,Bangalore,7,2014,23,2,0,Monsoon,350.44444444444446
2014-07-24,,,,,,,,,Bangalore,7,2014,24,3,0,Monsoon,114.27272727272728
2014-07-25,,,,,,,,,Bangalore,7,2014,25,4,0,Monsoon,30.43478260869565
2014-07-26,24.1,29.4,20.4,78.0,0.0,6.9,6.3,7.6,Bangalore,7,2014,26,5,1,Monsoon,46.95652173913044
2014-07-27,23.4,28.4,21.0,79.0,4.06,6.6,5.7,9.4,Bangalore,7,2014,27,6,1,Monsoon,37.391304347826086
2014-07-28,23.7,27.7,21.0,75.0,,6.9,9.4,13.0,Bangalore,7,2014,28,0,0,Monsoon,41.869565217391305
2014-07-29,,,,,,,,,Bangalore,7,2014,29,1,0,Monsoon,35.869565217391305
2014-07-30,,,,,,,,,Bangalore,7,2014,30,2,0,Monsoon,43.73913043478261
2014-07-31,,,,,,,,,Bangalore,7,2014,31,3,0,Monsoon,36.08695652173913
2014-08-01,22.9,28.4,20.5,85.0,1.78,5.5,7.6,11.1,Bangalore,8,2014,1,4,0,Monsoon,26.571428571428573
2014-08-02,23.1,27.4,20.4,81.0,4.57,5.5,7.8,11.1,Bangalore,8,2014,2,5,1,Monsoon,45.869565217391305
2014-08-03,23.2,28.2,21.0,81.0,0.0,5.5,7.4,14.8,Bangalore,8,2014,3,6,1,Monsoon,34.21739130434783
2014-08-04,,,,,,,,,Bangalore,8,2014,4,0,0,Monsoon,31.956521739130437
2014-08-05,,,,,,,,,Bangalore,8,2014,5,1,0,Monsoon,67.73913043478261
2014-08-06,,,,,,,,,Bangalore,8,2014,6,2,0,Monsoon,64.47826086956522
2014-08-07,23.6,27.8,20.8,73.0,0.0,8.2,7.2,11.1,Bangalore,8,2014,7,3,0,Monsoon,25.956521739130437
2014-08-08,22.8,28.4,20.7,83.0,0.0,6.3,6.9,11.1,Bangalore,8,2014,8,4,0,Monsoon,30.52173913043478
2014-08-09,23.6,29.2,20.2,79.0,0.0,6.9,6.9,9.4,Bangalore,8,2014,9,5,1,Monsoon,29.347826086956523
2014-08-10,,,,,,,,,Bangalore,8,2014,10,6,1,Monsoon,47.26086956521739
2014-08-11,,,,,,,,,Bangalore,8,2014,11,0,0,Monsoon,47.34782608695652
2014-08-12,,,,,,,,,Bangalore,8,2014,12,1,0,Monsoon,51.11764705882353
2014-08-13,22.8,28.0,20.4,84.0,0.0,6.9,5.2,9.4,Bangalore,8,2014,13,2,0,Monsoon,24.08695652173913
2014-08-14,23.1,29.3,20.0,81.0,0.0,5.8,5.0,7.6,Bangalore,8,2014,14,3,0,Monsoon,22.43478260869565
2014-08-15,24.1,29.5,20.0,74.0,7.11,9.2,4.4,5.4,Bangalore,8,2014,15,4,0,Monsoon,24.956521739130437
2014-08-16,,,,,,,,,Bangalore,8,2014,16,5,1,Monsoon,32.869565217391305
2014-08-17,,,,,,,,,Bangalore,8,2014,17,6,1,Monsoon,30.782608695652176
2014-08-18,,,,,,,,,Bangalore,8,2014,18,0,0,Monsoon,56.26086956521739
2014-08-19,24.1,28.8,20.2,83.0,11.18,6.9,2.2,7.6,Bangalore,8,2014,19,1,0,Monsoon,66.43478260869566
2014-08-20,24.7,30.8,20.7,80.0,6.86,6.9,0.9,3.5,Bangalore,8,2014,20,2,0,Monsoon,65.21739130434783
2014-08-21,25.4,30.8,20.4,78.0,32.0,6.9,0.9,3.5,Bangalore,8,2014,21,3,0,Monsoon,47.78260869565217
2014-08-22,,,,,,,,,Bangalore,8,2014,22,4,0,Monsoon,47.56521739130435
2014-08-23,,,,,,,,,Bangalore,8,2014,23,5,1,Monsoon,51.52173913043478
2014-08-24,,,,,,,,,Bangalore,8,2014,24,6,1,Monsoon,42.869565217391305
2014-08-25,23.7,29.6,20.5,79.0,0.0,6.9,6.7,9.4,Bangalore,8,2014,25,0,0,Monsoon,42.5
2014-08-26,23.2,28.0,20.2,75.0,1.02,6.9,8.0,9.4,Bangalore,8,2014,26,1,0,Monsoon,43.21739130434783
2014-08-27,21.8,28.0,20.1,85.0,0.51,5.5,7.2,9.4,Bangalore,8,2014,27,2,0,Monsoon,37.869565217391305
2014-08-28,,,,,,,,,Bangalore,8,2014,28,3,0,Monsoon,50.0
2014-08-29,,,,,,,,,Bangalore,8,2014,29,4,0,Monsoon,55.266666666666666
2014-08-30,,,,,,,,,Bangalore,8,2014,30,5,1,Monsoon,59.73913043478261
2014-08-31,22.6,27.4,19.8,79.0,,6.9,7.8,9.4,Bangalore,8,2014,31,6,1,Monsoon,49.78260869565217
2014-09-01,22.7,27.4,20.4,80.0,1.52,6.9,7.2,9.4,Bangalore,9,2014,1,0,0,Monsoon,19.869565217391305
2014-09-02,22.5,27.2,20.0,84.0,0.25,6.9,5.6,9.4,Bangalore,9,2014,2,1,0,Monsoon,22.695652173913043
2014-09-03,23.1,26.8,19.7,79.0,0.51,7.7,6.7,9.4,Bangalore,9,2014,3,2,0,Monsoon,25.13636363636364
2014-09-04,,,,,,,,,Bangalore,9,2014,4,3,0,Monsoon,25.43478260869565
2014-09-05,,,,,,,,,Bangalore,9,2014,5,4,0,Monsoon,27.3
2014-09-06,,,,,,,,,Bangalore,9,2014,6,5,1,Monsoon,46.08695652173913
2014-09-07,23.3,28.7,20.3,77.0,0.0,6.9,6.3,9.4,Bangalore,9,2014,7,6,1,Monsoon,75.6086956521739
2014-09-08,23.2,28.9,19.8,71.0,0.0,6.3,9.1,11.1,Bangalore,9,2014,8,0,0,Monsoon,42.04347826086956
2014-09-09,24.0,29.9,19.1,69.0,0.0,6.9,7.8,11.1,Bangalore,9,2014,9,1,0,Monsoon,50.08695652173913
2014-09-10,,,,,,,,,Bangalore,9,2014,10,2,0,Monsoon,44.391304347826086
2014-09-11,,,,,,,,,Bangalore,9,2014,11,3,0,Monsoon,65.43478260869566
2014-09-12,,,,,,,,,Bangalore,9,2014,12,4,0,Monsoon,62.130434782608695
2014-09-13,24.3,30.3,20.5,67.0,0.0,8.5,5.2,7.6,Bangalore,9,2014,13,5,1,Monsoon,57.78260869565217
2014-09-14,23.4,29.9,20.6,74.0,,6.9,5.0,9.4,Bangalore,9,2014,14,6,1,Monsoon,58.130434782608695
2014-09-15,23.9,29.4,21.0,73.0,,6.3,7.0,14.8,Bangalore,9,2014,15,0,0,Monsoon,37.91304347826087
2014-09-16,,,,,,,,,Bangalore,9,2014,16,1,0,Monsoon,56.60869565217392
2014-09-17,,,,,,,,,Bangalore,9,2014,17,2,0,Monsoon,49.95652173913044
2014-09-18,,,,,,,,,Bangalore,9,2014,18,3,0,Monsoon,50.04347826086956
2014-09-19,23.4,27.8,20.6,79.0,0.0,6.9,5.9,9.4,Bangalore,9,2014,19,4,0,Monsoon,46.65217391304348
2014-09-20,23.7,27.8,20.1,74.0,1.78,7.4,5.9,7.6,Bangalore,9,2014,20,5,1,Monsoon,55.91304347826087
2014-09-21,24.2,28.3,20.0,72.0,0.0,6.6,2.8,5.4,Bangalore,9,2014,21,6,1,Monsoon,54.60869565217392
2014-09-22,,,,,,,,,Bangalore,9,2014,22,0,0,Monsoon,41.60869565217392
2014-09-23,,,,,,,,,Bangalore,9,2014,23,1,0,Monsoon,39.78260869565217
2014-09-24,,,,,,,,,Bangalore,9,2014,24,2,0,Monsoon,42.31818181818182
2014-09-25,23.9,31.1,20.1,78.0,10.67,6.9,1.3,3.5,Bangalore,9,2014,25,3,0,Monsoon,45.47826086956522
2014-09-26,24.2,31.1,19.9,81.0,132.33,6.9,1.9,5.4,Bangalore,9,2014,26,4,0,Monsoon,51.08695652173913
2014-09-27,24.8,30.0,20.0,72.0,6.1,9.2,3.5,5.4,Bangalore,9,2014,27,5,1,Monsoon,42.78260869565217
2014-09-28,,,,,,,,,Bangalore,9,2014,28,6,1,Monsoon,41.34782608695652
2014-09-29,,,,,,,,,Bangalore,9,2014,29,0,0,Monsoon,43.391304347826086
2014-09-30,,,,,,,,,Bangalore,9,2014,30,1,0,Monsoon,48.17391304347826
2014-10-01,24.7,29.9,20.7,69.0,3.81,7.7,2.2,3.5,Bangalore,10,2014,1,2,0,Post-Monsoon,62.9375
2014-10-02,25.4,30.7,19.8,64.0,0.0,6.9,2.2,3.5,Bangalore,10,2014,2,3,0,Post-Monsoon,67.35700757575758
2014-10-03,25.3,30.7,20.8,76.0,0.0,7.4,0.6,3.5,Bangalore,10,2014,3,4,0,Post-Monsoon,71.77651515151516
2014-10-04,,,,,,,,,Bangalore,10,2014,4,5,1,Post-Monsoon,76.19602272727272
2014-10-05,,,,,,,,,Bangalore,10,2014,5,6,1,Post-Monsoon,80.6155303030303
2014-10-06,,,,,,,,,Bangalore,10,2014,6,0,0,Post-Monsoon,85.03503787878788
2014-10-07,23.6,30.4,19.6,79.0,31.5,6.9,2.8,5.4,Bangalore,10,2014,7,1,0,Post-Monsoon,89.45454545454545
2014-10-08,22.6,30.4,19.1,84.0,51.82,6.9,1.9,3.5,Bangalore,10,2014,8,2,0,Post-Monsoon,71.95652173913044
2014-10-09,23.6,29.9,19.3,83.0,62.99,6.8,1.9,3.5,Bangalore,10,2014,9,3,0,Post-Monsoon,50.47826086956522
2014-10-10,,,,,,,,,Bangalore,10,2014,10,4,0,Post-Monsoon,72.61904761904762
2014-10-11,,,,,,,,,Bangalore,10,2014,11,5,1,Post-Monsoon,119.875
2014-10-12,,,,,,,,,Bangalore,10,2014,12,6,1,Post-Monsoon,87.36111111111111
2014-10-13,24.4,30.0,20.8,67.0,0.0,9.2,5.0,9.4,Bangalore,10,2014,13,0,0,Post-Monsoon,54.84722222222221
2014-10-14,25.4,30.3,21.2,66.0,0.0,8.2,2.6,5.4,Bangalore,10,2014,14,1,0,Post-Monsoon,22.33333333333333
2014-10-15,24.0,30.3,21.1,75.0,0.0,9.2,3.9,7.6,Bangalore,10,2014,15,2,0,Post-Monsoon,13.043478260869565
2014-10-16,,,,,,,,,Bangalore,10,2014,16,3,0,Post-Monsoon,12.6
2014-10-17,,,,,,,,,Bangalore,10,2014,17,4,0,Post-Monsoon,96.0
2014-10-18,,,,,,,,,Bangalore,10,2014,18,5,1,Post-Monsoon,149.8695652173913
2014-10-19,21.6,24.3,19.8,86.0,3.05,5.5,3.1,3.5,Bangalore,10,2014,19,6,1,Post-Monsoon,153.8695652173913
2014-10-20,22.0,25.4,20.2,82.0,0.51,6.3,3.1,5.4,Bangalore,10,2014,20,0,0,Post-Monsoon,175.05
2014-10-21,22.7,26.8,20.4,76.0,0.0,9.2,3.3,5.4,Bangalore,10,2014,21,1,0,Post-Monsoon,156.95454545454547
2014-10-22,,,,,,,,,Bangalore,10,2014,22,2,0,Post-Monsoon,177.2173913043478
2014-10-23,,,,,,,,,Bangalore,10,2014,23,3,0,Post-Monsoon,239.95454545454547
2014-10-24,,,,,,,,,Bangalore,10,2014,24,4,0,Post-Monsoon,248.7619047619048
2014-10-25,22.0,27.5,20.4,89.0,0.0,5.5,3.1,3.5,Bangalore,10,2014,25,5,1,Post-Monsoon,253.82608695652172
2014-10-26,22.4,27.5,19.8,87.0,55.37,6.3,3.1,3.5,Bangalore,10,2014,26,6,1,Post-Monsoon,118.2608695652174
2014-10-27,21.9,27.3,19.8,90.0,5.84,6.3,3.0,5.4,Bangalore,10,2014,27,0,0,Post-Monsoon,125.17391304347828
2014-10-28,,,,,,,,,Bangalore,10,2014,28,1,0,Post-Monsoon,170.08695652173913
2014-10-29,,,,,,,,,Bangalore,10,2014,29,2,0,Post-Monsoon,206.5217391304348
2014-10-30,,,,,,,,,Bangalore,10,2014,30,3,0,Post-Monsoon,231.0434782608696
2014-10-31,22.0,28.4,17.5,70.0,0.0,6.3,1.3,3.5,Bangalore,10,2014,31,4,0,Post-Monsoon,232.43478260869568
2014-11-01,23.2,28.2,20.0,72.0,0.0,6.9,2.2,3.5,Bangalore,11,2014,1,5,1,Post-Monsoon,215.82608695652172
2014-11-02,22.8,27.6,19.8,74.0,,6.9,2.0,5.4,Bangalore,11,2014,2,6,1,Post-Monsoon,242.34782608695653
2014-11-03,21.4,27.6,18.4,71.0,0.0,6.3,0.9,3.5,Bangalore,11,2014,3,0,0,Post-Monsoon,189.08695652173915
2014-11-04,,,,,,,,,Bangalore,11,2014,4,1,0,Post-Monsoon,208.7826086956522
2014-11-05,,,,,,,,,Bangalore,11,2014,5,2,0,Post-Monsoon,231.3913043478261
2014-11-06,,,,,,,,,Bangalore,11,2014,6,3,0,Post-Monsoon,197.30434782608697
2014-11-07,23.2,29.4,17.9,58.0,0.0,6.3,2.0,5.4,Bangalore,11,2014,7,4,0,Post-Monsoon,234.56521739130437
2014-11-08,23.0,29.5,18.8,59.0,0.0,6.3,0.4,3.5,Bangalore,11,2014,8,5,1,Post-Monsoon,181.65217391304347
2014-11-09,23.2,29.5,18.8,63.0,0.0,6.3,0.9,3.5,Bangalore,11,2014,9,6,1,Post-Monsoon,275.7826086956522
2014-11-10,,,,,,,,,Bangalore,11,2014,10,0,0,Post-Monsoon,225.4782608695652
2014-11-11,,,,,,,,,Bangalore,11,2014,11,1,0,Post-Monsoon,216.30434782608697
2014-11-12,,,,,,,,,Bangalore,11,2014,12,2,0,Post-Monsoon,312.1304347826087
2014-11-13,20.2,27.4,19.6,94.0,3.81,4.0,3.5,3.5,Bangalore,11,2014,13,3,0,Post-Monsoon,272.27272727272725
2014-11-14,21.4,24.6,20.2,91.0,0.0,5.5,3.7,7.6,Bangalore,11,2014,14,4,0,Post-Monsoon,166.30434782608697
2014-11-15,21.9,27.4,18.0,80.0,5.84,6.3,2.8,5.4,Bangalore,11,2014,15,5,1,Post-Monsoon,132.6086956521739
2014-11-16,,,,,,,,,Bangalore,11,2014,16,6,1,Post-Monsoon,129.47826086956522
2014-11-17,,,,,,,,,Bangalore,11,2014,17,0,0,Post-Monsoon,171.34782608695653
2014-11-18,,,,,,,,,Bangalore,11,2014,18,1,0,Post-Monsoon,186.4782608695652
2014-11-19,22.1,28.1,17.4,71.0,0.0,6.6,2.8,3.5,Bangalore,11,2014,19,2,0,Post-Monsoon,216.45454545454547
2014-11-20,21.8,28.0,18.3,70.0,0.0,9.2,2.8,3.5,Bangalore,11,2014,20,3,0,Post-Monsoon,212.8695652173913
2014-11-21,22.2,28.8,17.1,68.0,0.0,6.3,0.4,3.5,Bangalore,11,2014,21,4,0,Post-Monsoon,220.6086956521739
2014-11-22,,,,,,,,,Bangalore,11,2014,22,5,1,Post-Monsoon,194.63636363636363
2014-11-23,,,,,,,,,Bangalore,11,2014,23,6,1,Post-Monsoon,196.91304347826087
2014-11-24,,,,,,,,,Bangalore,11,2014,24,0,0,Post-Monsoon,156.8695652173913
2014-11-25,21.2,26.7,18.0,68.0,0.0,6.9,2.4,5.4,Bangalore,11,2014,25,1,0,Post-Monsoon,134.2608695652174
2014-11-26,21.4,27.4,15.8,64.0,0.0,6.3,1.1,5.4,Bangalore,11,2014,26,2,0,Post-Monsoon,148.7826086956522
2014-11-27,21.7,29.2,16.5,60.0,0.0,8.2,1.9,3.5,Bangalore,11,2014,27,3,0,Post-Monsoon,208.2
2014-11-28,,,,,,,,,Bangalore,11,2014,28,4,0,Post-Monsoon,246.91304347826087
2014-11-29,,,,,,,,,Bangalore,11,2014,29,5,1,Post-Monsoon,260.06666666666666
2014-11-30,,,,,,,,,Bangalore,11,2014,30,6,1,Post-Monsoon,164.1
2014-12-01,22.3,28.2,16.6,50.0,0.0,6.6,1.9,5.4,Bangalore,12,2014,1,0,0,Winter,68.13333333333334
2014-12-02,21.3,28.2,17.0,60.0,0.0,6.9,0.9,3.5,Bangalore,12,2014,2,1,0,Winter,91.21739130434784
2014-12-03,21.1,29.0,15.3,55.0,0.0,8.0,0.4,3.5,Bangalore,12,2014,3,2,0,Winter,103.04545454545456
2014-12-04,,,,,,,,,Bangalore,12,2014,4,3,0,Winter,109.1304347826087
2014-12-05,,,,,,,,,Bangalore,12,2014,5,4,0,Winter,163.0
2014-12-06,,,,,,,,,Bangalore,12,2014,6,5,1,Winter,146.1304347826087
2014-12-07,21.9,28.6,17.6,72.0,0.0,6.3,3.0,9.4,Bangalore,12,2014,7,6,1,Winter,118.08695652173913
2014-12-08,22.8,29.2,18.4,77.0,0.0,6.3,1.9,3.5,Bangalore,12,2014,8,0,0,Winter,106.04347826086956
2014-12-09,23.3,29.3,19.8,74.0,0.0,5.6,2.8,3.5,Bangalore,12,2014,9,1,0,Winter,196.5217391304348
2014-12-10,,,,,,,,,Bangalore,12,2014,10,2,0,Winter,159.65217391304347
2014-12-11,,,,,,,,,Bangalore,12,2014,11,3,0,Winter,163.04347826086956
2014-12-12,,,,,,,,,Bangalore,12,2014,12,4,0,Winter,224.72727272727272
2014-12-13,21.6,26.6,18.2,76.0,0.0,6.3,2.4,5.4,Bangalore,12,2014,13,5,1,Winter,210.1304347826087
2014-12-14,21.6,26.4,19.6,83.0,0.0,6.9,1.3,3.5,Bangalore,12,2014,14,6,1,Winter,60.2
2014-12-15,23.1,28.8,19.1,74.0,0.0,6.9,2.8,3.5,Bangalore,12,2014,15,0,0,Winter,92.76923076923076
2014-12-16,,,,,,,,,Bangalore,12,2014,16,1,0,Winter,151.52173913043478
2014-12-17,,,,,,,,,Bangalore,12,2014,17,2,0,Winter,176.91304347826087
2014-12-18,,,,,,,,,Bangalore,12,2014,18,3,0,Winter,235.3913043478261
2014-12-19,21.1,25.2,18.8,78.0,0.0,5.5,3.1,3.5,Bangalore,12,2014,19,4,0,Winter,349.0869565217391
2014-12-20,21.4,28.0,17.6,71.0,0.0,6.3,1.9,5.4,Bangalore,12,2014,20,5,1,Winter,188.08695652173915
2014-12-21,21.1,28.3,17.1,74.0,0.0,7.7,0.9,3.5,Bangalore,12,2014,21,6,1,Winter,299.95652173913044
2014-12-22,,,,,,,,,Bangalore,12,2014,22,0,0,Winter,379.2608695652174
2014-12-23,,,,,,,,,Bangalore,12,2014,23,1,0,Winter,295.1304347826087
2014-12-24,,,,,,,,,Bangalore,12,2014,24,2,0,Winter,447.9565217391304
2014-12-25,20.0,28.4,15.8,65.0,0.0,6.3,1.9,3.5,Bangalore,12,2014,25,3,0,Winter,257.77777777777777
2014-12-26,20.1,27.3,14.2,56.0,0.0,9.2,1.3,3.5,Bangalore,12,2014,26,4,0,Winter,222.7826086956522
2014-12-27,20.8,27.4,13.9,58.0,0.0,7.7,2.0,5.4,Bangalore,12,2014,27,5,1,Winter,240.3913043478261
2014-12-28,,,,,,,,,Bangalore,12,2014,28,6,1,Winter,436.0434782608696
2014-12-29,,,,,,,,,Bangalore,12,2014,29,0,0,Winter,229.0434782608696
2014-12-30,,,,,,,,,Bangalore,12,2014,30,1,0,Winter,328.7826086956522
2014-12-31,,,,,,,,,Bangalore,12,2014,31,2,0,Winter,0.0
2015-01-01,22.3,29.5,19.2,77.0,7.62,6.3,0.9,3.5,Bangalore,1,2015,1,3,0,Winter,277.07142857142856
2015-01-02,22.2,29.2,17.6,71.0,1.52,5.5,1.9,7.6,Bangalore,1,2015,2,4,0,Winter,149.1304347826087
2015-01-03,22.1,29.2,18.7,76.0,0.0,6.0,1.3,3.5,Bangalore,1,2015,3,5,1,Winter,110.04347826086956
2015-01-04,,,,,,,,,Bangalore,1,2015,4,6,1,Winter,143.47826086956522
2015-01-05,,,,,,,,,Bangalore,1,2015,5,0,0,Winter,118.0
2015-01-06,,,,,,,,,Bangalore,1,2015,6,1,0,Winter,169.30434782608697
2015-01-07,21.9,28.6,17.4,60.0,0.0,6.9,0.4,3.5,Bangalore,1,2015,7,2,0,Winter,226.08695652173915
2015-01-08,22.1,28.6,17.6,71.0,0.0,6.3,0.6,3.5,Bangalore,1,2015,8,3,0,Winter,230.91304347826087
2015-01-09,21.6,27.6,18.5,72.0,0.0,6.3,1.9,3.5,Bangalore,1,2015,9,4,0,Winter,274.9130434782609
2015-01-10,,,,,,,,,Bangalore,1,2015,10,5,1,Winter,199.56521739130437
2015-01-11,,,,,,,,,Bangalore,1,2015,11,6,1,Winter,255.7391304347826
2015-01-12,,,,,,,,,Bangalore,1,2015,12,0,0,Winter,274.5652173913044
2015-01-13,19.4,27.1,13.7,60.0,0.0,8.5,0.9,3.5,Bangalore,1,2015,13,1,0,Winter,225.65217391304347
2015-01-14,19.4,27.1,13.7,67.0,0.0,6.0,0.2,1.9,Bangalore,1,2015,14,2,0,Winter,200.65217391304347
2015-01-15,20.1,27.1,14.7,63.0,0.0,6.3,2.8,7.6,Bangalore,1,2015,15,3,0,Winter,210.7391304347826
2015-01-16,,,,,,,,,Bangalore,1,2015,16,4,0,Winter,204.8695652173913
2015-01-17,,,,,,,,,Bangalore,1,2015,17,5,1,Winter,201.2608695652174
2015-01-18,,,,,,,,,Bangalore,1,2015,18,6,1,Winter,223.7391304347826
2015-01-19,21.3,28.2,15.4,61.0,0.0,8.5,3.3,5.4,Bangalore,1,2015,19,0,0,Winter,216.30434782608697
2015-01-20,20.9,28.2,15.6,63.0,0.0,6.3,3.0,5.4,Bangalore,1,2015,20,1,0,Winter,212.82608695652172
2015-01-21,21.0,27.4,15.5,61.0,0.0,6.3,4.8,7.6,Bangalore,1,2015,21,2,0,Winter,203.34782608695653
2015-01-22,,,,,,,,,Bangalore,1,2015,22,3,0,Winter,153.56521739130434
2015-01-23,,,,,,,,,Bangalore,1,2015,23,4,0,Winter,85.08695652173913
2015-01-24,,,,,,,,,Bangalore,1,2015,24,5,1,Winter,102.2608695652174
2015-01-25,22.1,29.4,17.0,59.0,0.0,7.7,3.3,5.4,Bangalore,1,2015,25,6,1,Winter,139.47826086956522
2015-01-26,21.3,28.4,15.6,57.0,0.0,7.7,4.6,7.6,Bangalore,1,2015,26,0,0,Winter,151.2173913043478
2015-01-27,21.4,27.9,16.0,60.0,0.0,6.3,4.1,9.4,Bangalore,1,2015,27,1,0,Winter,159.82608695652175
2015-01-28,,,,,,,,,Bangalore,1,2015,28,2,0,Winter,142.43478260869566
2015-01-29,,,,,,,,,Bangalore,1,2015,29,3,0,Winter,169.2173913043478
2015-01-30,,,,,,,,,Bangalore,1,2015,30,4,0,Winter,134.56521739130434
2015-01-31,22.8,30.2,16.6,51.0,0.0,6.3,3.9,9.4,Bangalore,1,2015,31,5,1,Winter,141.82608695652175
2015-02-01,21.9,30.2,16.2,53.0,0.0,6.3,3.7,7.6,Bangalore,2,2015,1,6,1,Winter,223.17391304347825
2015-02-02,21.2,29.3,16.4,63.0,0.0,6.3,5.2,9.4,Bangalore,2,2015,2,0,0,Winter,187.27272727272728
2015-02-03,21.4,28.6,15.0,58.0,0.0,6.3,3.9,9.4,Bangalore,2,2015,3,1,0,Winter,149.82608695652175
2015-02-04,,,,,,,,,Bangalore,2,2015,4,2,0,Winter,114.52173913043478
2015-02-05,,,,,,,,,Bangalore,2,2015,5,3,0,Winter,94.30434782608695
2015-02-06,,,,,,,,,Bangalore,2,2015,6,4,0,Winter,159.8695652173913
2015-02-07,22.3,30.2,16.3,48.0,0.0,6.3,4.1,5.4,Bangalore,2,2015,7,5,1,Winter,159.56521739130434
2015-02-08,22.7,30.6,15.7,50.0,0.0,6.3,3.7,9.4,Bangalore,2,2015,8,6,1,Winter,134.1304347826087
2015-02-09,22.2,30.6,15.5,54.0,0.0,6.3,3.3,5.4,Bangalore,2,2015,9,0,0,Winter,74.93333333333334
2015-02-10,,,,,,,,,Bangalore,2,2015,10,1,0,Winter,115.17391304347828
2015-02-11,,,,,,,,,Bangalore,2,2015,11,2,0,Winter,145.34782608695653
2015-02-12,,,,,,,,,Bangalore,2,2015,12,3,0,Winter,166.95652173913044
2015-02-13,24.0,32.0,17.7,50.0,0.0,6.9,1.3,3.5,Bangalore,2,2015,13,4,0,Winter,117.91304347826087
2015-02-14,24.7,32.7,17.9,43.0,0.0,6.3,0.9,3.5,Bangalore,2,2015,14,5,1,Winter,133.56521739130434
2015-02-15,24.9,33.0,16.5,32.0,0.0,6.3,0.9,3.5,Bangalore,2,2015,15,6,1,Winter,197.1304347826087
2015-02-16,,,,,,,,,Bangalore,2,2015,16,0,0,Winter,161.56521739130434
2015-02-17,,,,,,,,,Bangalore,2,2015,17,1,0,Winter,159.3913043478261
2015-02-18,,,,,,,,,Bangalore,2,2015,18,2,0,Winter,179.33333333333334
2015-02-19,24.5,33.1,18.6,39.0,0.0,6.3,1.9,3.5,Bangalore,2,2015,19,3,0,Winter,166.34782608695653
2015-02-20,24.2,32.1,16.9,37.0,0.0,6.9,3.3,11.1,Bangalore,2,2015,20,4,0,Winter,127.21739130434784
2015-02-21,23.7,31.7,17.3,41.0,0.0,6.9,3.1,5.4,Bangalore,2,2015,21,5,1,Winter,96.7391304347826
2015-02-22,,,,,,,,,Bangalore,2,2015,22,6,1,Winter,63.52173913043478
2015-02-23,,,,,,,,,Bangalore,2,2015,23,0,0,Winter,155.69565217391303
2015-02-24,,,,,,,,,Bangalore,2,2015,24,1,0,Winter,182.6086956521739
2015-02-25,24.6,32.4,17.0,27.0,0.0,6.9,0.9,3.5,Bangalore,2,2015,25,2,0,Winter,135.7391304347826
2015-02-26,25.6,33.5,17.2,42.0,0.0,6.9,2.2,5.4,Bangalore,2,2015,26,3,0,Winter,70.17391304347827
2015-02-27,26.1,33.6,20.1,46.0,0.0,6.9,3.5,5.4,Bangalore,2,2015,27,4,0,Winter,83.77272727272727
2015-02-28,,,,,,,,,Bangalore,2,2015,28,5,1,Winter,87.26086956521739
2015-03-01,25.2,32.6,20.8,62.0,0.0,6.9,3.7,7.6,Bangalore,3,2015,1,6,1,Summer,94.875
2015-03-02,25.8,32.6,21.4,62.0,0.0,6.9,2.2,3.5,Bangalore,3,2015,2,0,0,Summer,31.785714285714285
2015-03-03,23.4,32.4,19.9,77.0,22.1,6.3,1.9,3.5,Bangalore,3,2015,3,1,0,Summer,60.47826086956522
2015-03-04,,,,,,,,,Bangalore,3,2015,4,2,0,Summer,85.3913043478261
2015-03-05,,,,,,,,,Bangalore,3,2015,5,3,0,Summer,96.36363636363636
2015-03-06,,,,,,,,,Bangalore,3,2015,6,4,0,Summer,83.47826086956522
2015-03-07,25.8,31.4,21.3,63.0,0.0,6.6,2.6,5.4,Bangalore,3,2015,7,5,1,Summer,49.869565217391305
2015-03-08,25.3,31.5,20.1,59.0,0.0,6.9,3.3,5.4,Bangalore,3,2015,8,6,1,Summer,35.0
2015-03-09,24.5,31.5,19.6,65.0,0.0,6.9,2.2,3.5,Bangalore,3,2015,9,0,0,Summer,46.0
2015-03-10,,,,,,,,,Bangalore,3,2015,10,1,0,Summer,78.6086956521739
2015-03-11,,,,,,,,,Bangalore,3,2015,11,2,0,Summer,109.3913043478261
2015-03-12,,,,,,,,,Bangalore,3,2015,12,3,0,Summer,133.6086956521739
2015-03-13,24.5,31.2,18.6,54.0,0.0,6.9,3.9,5.4,Bangalore,3,2015,13,4,0,Summer,132.7826086956522
2015-03-14,25.1,32.7,18.4,48.0,0.0,6.9,1.9,3.5,Bangalore,3,2015,14,5,1,Summer,58.52173913043478
2015-03-15,25.8,32.7,20.4,55.0,0.0,6.9,3.0,5.4,Bangalore,3,2015,15,6,1,Summer,20.217391304347824
2015-03-16,,,,,,,,,Bangalore,3,2015,16,0,0,Summer,32.78260869565217
2015-03-17,,,,,,,,,Bangalore,3,2015,17,1,0,Summer,56.65217391304348
2015-03-18,,,,,,,,,Bangalore,3,2015,18,2,0,Summer,48.0
2015-03-19,26.5,35.1,19.6,44.0,0.0,6.9,2.2,5.4,Bangalore,3,2015,19,3,0,Summer,55.391304347826086
2015-03-20,26.9,34.7,19.5,25.0,0.0,6.9,2.0,5.4,Bangalore,3,2015,20,4,0,Summer,83.08695652173913
2015-03-21,27.1,34.7,19.6,26.0,0.0,6.9,0.0,,Bangalore,3,2015,21,5,1,Summer,90.17391304347828
2015-03-22,,,,,,,,,Bangalore,3,2015,22,6,1,Summer,65.17391304347827
2015-03-23,,,,,,,,,Bangalore,3,2015,23,0,0,Summer,57.391304347826086
2015-03-24,,,,,,,,,Bangalore,3,2015,24,1,0,Summer,65.73913043478261
2015-03-25,27.9,35.8,22.3,43.0,0.0,6.3,3.0,5.4,Bangalore,3,2015,25,2,0,Summer,100.1304347826087
2015-03-26,27.0,34.5,21.0,47.0,0.0,6.3,2.8,3.5,Bangalore,3,2015,26,3,0,Summer,113.6086956521739
2015-03-27,26.3,34.5,19.9,46.0,0.0,6.3,2.2,3.5,Bangalore,3,2015,27,4,0,Summer,39.52173913043478
2015-03-28,,,,,,,,,Bangalore,3,2015,28,5,1,Summer,82.6086956521739
2015-03-29,,,,,,,,,Bangalore,3,2015,29,6,1,Summer,98.1304347826087
2015-03-30,,,,,,,,,Bangalore,3,2015,30,0,0,Summer,21.47826086956522
2015-03-31,26.5,33.8,22.3,58.0,0.0,6.9,1.9,3.5,Bangalore,3,2015,31,1,0,Summer,45.21739130434783
2015-04-01,26.9,33.4,21.6,56.0,1.27,6.9,2.2,3.5,Bangalore,4,2015,1,2,0,Summer,80.47826086956522
2015-04-02,27.9,35.1,22.4,53.0,0.0,6.9,2.4,5.4,Bangalore,4,2015,2,3,0,Summer,53.95652173913044
2015-04-03,28.0,35.1,22.8,54.0,0.0,6.9,2.8,3.5,Bangalore,4,2015,3,4,0,Summer,27.565217391304348
2015-04-04,,,,,,,,,Bangalore,4,2015,4,5,1,Summer,23.08695652173913
2015-04-05,,,,,,,,,Bangalore,4,2015,5,6,1,Summer,65.34782608695652
2015-04-06,,,,,,,,,Bangalore,4,2015,6,0,0,Summer,91.34782608695652
2015-04-07,28.9,35.5,22.7,52.0,0.0,6.9,1.5,7.6,Bangalore,4,2015,7,1,0,Summer,48.17391304347826
2015-04-08,28.2,35.5,24.1,55.0,0.0,6.9,3.1,3.5,Bangalore,4,2015,8,2,0,Summer,76.34782608695652
2015-04-09,28.1,35.0,23.0,54.0,0.0,6.9,4.1,9.4,Bangalore,4,2015,9,3,0,Summer,50.56521739130435
2015-04-10,,,,,,,,,Bangalore,4,2015,10,4,0,Summer,73.69565217391305
2015-04-11,,,,,,,,,Bangalore,4,2015,11,5,1,Summer,71.1304347826087
2015-04-12,,,,,,,,,Bangalore,4,2015,12,6,1,Summer,40.26086956521739
2015-04-13,21.3,29.0,18.8,77.0,11.94,6.3,1.3,3.5,Bangalore,4,2015,13,0,0,Summer,54.391304347826086
2015-04-14,23.2,30.5,18.1,71.0,8.89,6.9,0.7,5.4,Bangalore,4,2015,14,1,0,Summer,52.130434782608695
2015-04-15,23.2,30.5,19.8,80.0,0.0,6.3,1.5,7.6,Bangalore,4,2015,15,2,0,Summer,50.65217391304348
2015-04-16,,,,,,,,,Bangalore,4,2015,16,3,0,Summer,45.43478260869565
2015-04-17,,,,,,,,,Bangalore,4,2015,17,4,0,Summer,54.0
2015-04-18,,,,,,,,,Bangalore,4,2015,18,5,1,Summer,99.30434782608695
2015-04-19,26.8,32.3,21.4,54.0,0.0,7.7,0.0,,Bangalore,4,2015,19,6,1,Summer,93.95652173913044
2015-04-20,26.6,32.3,21.9,62.0,0.0,6.9,1.3,3.5,Bangalore,4,2015,20,0,0,Summer,93.52173913043478
2015-04-21,26.8,32.3,21.7,63.0,0.0,6.9,0.4,3.5,Bangalore,4,2015,21,1,0,Summer,79.69565217391305
2015-04-22,,,,,,,,,Bangalore,4,2015,22,2,0,Summer,76.34782608695652
2015-04-23,,,,,,,,,Bangalore,4,2015,23,3,0,Summer,65.36842105263158
2015-04-24,,,,,,,,,Bangalore,4,2015,24,4,0,Summer,96.78260869565216
2015-04-25,23.9,33.4,19.8,70.0,35.56,6.6,4.3,22.2,Bangalore,4,2015,25,5,1,Summer,73.56521739130434
2015-04-26,23.7,31.3,19.2,70.0,35.81,6.3,0.4,3.5,Bangalore,4,2015,26,6,1,Summer,31.43478260869565
2015-04-27,25.5,31.1,20.8,68.0,5.08,6.9,1.3,3.5,Bangalore,4,2015,27,0,0,Summer,47.391304347826086
2015-04-28,,,,,,,,,Bangalore,4,2015,28,1,0,Summer,38.26086956521739
2015-04-29,,,,,,,,,Bangalore,4,2015,29,2,0,Summer,40.869565217391305
2015-04-30,,,,,,,,,Bangalore,4,2015,30,3,0,Summer,48.08695652173913
2015-05-01,26.8,33.8,20.1,61.0,9.65,6.9,1.9,3.5,Bangalore,5,2015,1,4,0,Summer,46.17391304347826
2015-05-02,24.5,33.8,20.4,73.0,0.0,6.9,2.2,7.6,Bangalore,5,2015,2,5,1,Summer,52.869565217391305
2015-05-03,25.7,33.3,20.0,65.0,12.19,6.9,1.9,7.6,Bangalore,5,2015,3,6,1,Summer,103.82608695652172
2015-05-04,,,,,,,,,Bangalore,5,2015,4,0,0,Summer,74.26086956521739
2015-05-05,,,,,,,,,Bangalore,5,2015,5,1,0,Summer,132.95652173913044
2015-05-06,,,,,,,,,Bangalore,5,2015,6,2,0,Summer,123.27272727272728
2015-05-07,26.6,30.8,22.2,68.0,0.0,6.9,1.3,3.5,Bangalore,5,2015,7,3,0,Summer,77.0
2015-05-08,27.7,33.4,22.2,61.0,0.0,6.9,2.0,5.4,Bangalore,5,2015,8,4,0,Summer,84.43478260869566
2015-05-09,25.9,33.4,23.3,62.0,0.0,6.0,3.1,7.6,Bangalore,5,2015,9,5,1,Summer,77.0
2015-05-10,,,,,,,,,Bangalore,5,2015,10,6,1,Summer,71.91304347826087
2015-05-11,,,,,,,,,Bangalore,5,2015,11,0,0,Summer,75.73913043478261
2015-05-12,,,,,,,,,Bangalore,5,2015,12,1,0,Summer,74.17391304347827
2015-05-13,24.2,32.0,21.9,71.0,2.54,6.9,0.2,1.9,Bangalore,5,2015,13,2,0,Summer,48.869565217391305
2015-05-14,24.9,29.6,21.6,71.0,0.25,6.9,1.9,3.5,Bangalore,5,2015,14,3,0,Summer,54.73913043478261
2015-05-15,24.9,31.2,22.2,77.0,0.0,6.3,3.1,7.6,Bangalore,5,2015,15,4,0,Summer,68.08695652173913
2015-05-16,,,,,,,,,Bangalore,5,2015,16,5,1,Summer,73.82608695652173
2015-05-17,,,,,,,,,Bangalore,5,2015,17,6,1,Summer,63.82608695652174
2015-05-18,,,,,,,,,Bangalore,5,2015,18,0,0,Summer,48.875
2015-05-19,24.8,32.0,20.2,78.0,0.0,6.3,4.6,11.1,Bangalore,5,2015,19,1,0,Summer,35.5
2015-05-20,26.3,33.0,19.1,76.0,39.12,6.9,5.2,7.6,Bangalore,5,2015,20,2,0,Summer,61.43478260869565
2015-05-21,26.6,33.0,22.5,75.0,0.0,6.9,7.6,18.3,Bangalore,5,2015,21,3,0,Summer,72.9090909090909
2015-05-22,,,,,,,,,Bangalore,5,2015,22,4,0,Summer,42.43478260869565
2015-05-23,,,,,,,,,Bangalore,5,2015,23,5,1,Summer,44.18181818181818
2015-05-24,,,,,,,,,Bangalore,5,2015,24,6,1,Summer,67.3
2015-05-25,27.3,33.3,22.3,63.0,0.0,6.3,5.6,9.4,Bangalore,5,2015,25,0,0,Summer,76.1304347826087
2015-05-26,27.1,33.0,22.3,66.0,0.0,6.3,5.2,9.4,Bangalore,5,2015,26,1,0,Summer,64.08695652173913
2015-05-27,25.2,32.2,19.2,72.0,0.0,6.9,6.5,9.4,Bangalore,5,2015,27,2,0,Summer,61.43478260869565
2015-05-28,,,,,,,,,Bangalore,5,2015,28,3,0,Summer,140.0
2015-05-29,,,,,,,,,Bangalore,5,2015,29,4,0,Summer,72.15789473684211
2015-05-30,,,,,,,,,Bangalore,5,2015,30,5,1,Summer,81.0
2015-05-31,24.2,32.2,19.9,81.0,0.0,6.6,5.4,9.4,Bangalore,5,2015,31,6,1,Summer,66.3913043478261
2015-06-01,24.3,31.0,19.9,77.0,0.0,6.6,3.7,7.6,Bangalore,6,2015,1,0,0,Monsoon,25.782608695652176
2015-06-02,24.5,31.0,20.7,78.0,0.0,6.9,4.8,7.6,Bangalore,6,2015,2,1,0,Monsoon,20.08695652173913
2015-06-03,24.6,30.5,21.2,81.0,0.25,6.9,2.4,5.4,Bangalore,6,2015,3,2,0,Monsoon,41.17391304347826
2015-06-04,,,,,,,,,Bangalore,6,2015,4,3,0,Monsoon,69.1304347826087
2015-06-05,,,,,,,,,Bangalore,6,2015,5,4,0,Monsoon,110.30434782608695
2015-06-06,,,,,,,,,Bangalore,6,2015,6,5,1,Monsoon,76.69565217391305
2015-06-07,26.2,32.0,21.6,65.0,0.0,6.9,7.4,14.8,Bangalore,6,2015,7,6,1,Monsoon,63.82608695652174
2015-06-08,25.4,31.2,21.3,72.0,0.51,6.9,7.8,14.8,Bangalore,6,2015,8,0,0,Monsoon,60.34782608695652
2015-06-09,24.7,31.2,21.2,76.0,3.05,6.9,6.3,9.4,Bangalore,6,2015,9,1,0,Monsoon,74.95652173913044
2015-06-10,,,,,,,,,Bangalore,6,2015,10,2,0,Monsoon,29.39130434782609
2015-06-11,,,,,,,,,Bangalore,6,2015,11,3,0,Monsoon,57.60869565217392
2015-06-12,,,,,,,,,Bangalore,6,2015,12,4,0,Monsoon,28.608695652173918
2015-06-13,23.7,29.7,20.5,80.0,0.51,6.9,5.0,7.6,Bangalore,6,2015,13,5,1,Monsoon,28.695652173913043
2015-06-14,22.6,29.7,20.1,84.0,18.54,6.9,5.7,11.1,Bangalore,6,2015,14,6,1,Monsoon,53.391304347826086
2015-06-15,24.1,29.0,19.8,72.0,0.0,5.8,5.4,11.1,Bangalore,6,2015,15,0,0,Monsoon,77.21739130434783
2015-06-16,,,,,,,,,Bangalore,6,2015,16,1,0,Monsoon,82.69565217391305
2015-06-17,,,,,,,,,Bangalore,6,2015,17,2,0,Monsoon,87.6086956521739
2015-06-18,,,,,,,,,Bangalore,6,2015,18,3,0,Monsoon,92.17391304347828
2015-06-19,23.1,27.4,21.2,83.0,0.0,5.5,8.1,14.8,Bangalore,6,2015,19,4,0,Monsoon,76.04347826086956
2015-06-20,23.2,28.3,20.8,80.0,1.78,6.3,12.0,16.5,Bangalore,6,2015,20,5,1,Monsoon,32.869565217391305
2015-06-21,22.7,28.3,20.6,85.0,0.51,5.5,6.9,11.1,Bangalore,6,2015,21,6,1,Monsoon,27.39130434782609
2015-06-22,,,,,,,,,Bangalore,6,2015,22,0,0,Monsoon,39.125
2015-06-23,,,,,,,,,Bangalore,6,2015,23,1,0,Monsoon,52.08695652173913
2015-06-24,,,,,,,,,Bangalore,6,2015,24,2,0,Monsoon,96.52173913043478
2015-06-25,24.5,30.6,21.1,78.0,0.51,6.9,8.3,11.1,Bangalore,6,2015,25,3,0,Monsoon,27.26086956521739
2015-06-26,23.7,30.6,21.4,81.0,0.0,6.9,8.9,11.1,Bangalore,6,2015,26,4,0,Monsoon,52.04347826086956
2015-06-27,24.1,29.0,20.4,76.0,0.0,6.9,12.2,18.3,Bangalore,6,2015,27,5,1,Monsoon,40.43478260869565
2015-06-28,,,,,,,,,Bangalore,6,2015,28,6,1,Monsoon,51.60869565217392
2015-06-29,,,,,,,,,Bangalore,6,2015,29,0,0,Monsoon,30.39130434782609
2015-06-30,,,,,,,,,Bangalore,6,2015,30,1,0,Monsoon,37.78260869565217
2015-07-01,24.6,30.7,20.6,71.0,0.0,6.9,5.2,7.6,Bangalore,7,2015,1,2,0,Monsoon,38.60869565217392
2015-07-02,24.2,30.3,20.4,75.0,0.0,6.3,8.1,14.8,Bangalore,7,2015,2,3,0,Monsoon,38.21739130434783
2015-07-03,24.6,30.2,20.4,76.0,0.0,6.3,5.7,7.6,Bangalore,7,2015,3,4,0,Monsoon,35.34782608695652
2015-07-04,,,,,,,,,Bangalore,7,2015,4,5,1,Monsoon,71.3913043478261
2015-07-05,,,,,,,,,Bangalore,7,2015,5,6,1,Monsoon,112.43478260869566
2015-07-06,,,,,,,,,Bangalore,7,2015,6,0,0,Monsoon,32.52173913043478
2015-07-07,23.7,30.7,19.3,74.0,3.05,6.9,6.9,11.1,Bangalore,7,2015,7,1,0,Monsoon,41.52173913043478
2015-07-08,23.8,30.6,20.2,76.0,0.0,6.9,6.7,14.8,Bangalore,7,2015,8,2,0,Monsoon,45.43478260869565
2015-07-09,24.0,29.2,20.8,78.0,7.11,6.3,6.9,11.1,Bangalore,7,2015,9,3,0,Monsoon,40.60869565217392
2015-07-10,,,,,,,,,Bangalore,7,2015,10,4,0,Monsoon,28.39130434782609
2015-07-11,,,,,,,,,Bangalore,7,2015,11,5,1,Monsoon,19.347826086956523
2015-07-12,,,,,,,,,Bangalore,7,2015,12,6,1,Monsoon,18.52173913043478
2015-07-13,25.4,31.6,20.8,71.0,0.0,6.9,6.5,11.1,Bangalore,7,2015,13,0,0,Monsoon,26.43478260869565
2015-07-14,25.2,31.6,21.4,73.0,0.0,6.9,6.5,11.1,Bangalore,7,2015,14,1,0,Monsoon,30.73913043478261
2015-07-15,23.9,30.0,21.2,77.0,0.0,6.9,7.8,11.1,Bangalore,7,2015,15,2,0,Monsoon,30.625
2015-07-16,,,,,,,,,Bangalore,7,2015,16,3,0,Monsoon,44.25694444444444
2015-07-17,,,,,,,,,Bangalore,7,2015,17,4,0,Monsoon,57.888888888888886
2015-07-18,,,,,,,,,Bangalore,7,2015,18,5,1,Monsoon,47.26086956521739
2015-07-19,21.8,29.8,20.0,86.0,12.19,4.8,8.1,14.8,Bangalore,7,2015,19,6,1,Monsoon,43.82608695652174
2015-07-20,22.6,29.0,18.8,84.0,2.03,5.3,6.1,9.4,Bangalore,7,2015,20,0,0,Monsoon,27.41176470588235
2015-07-21,22.4,29.0,20.1,88.0,26.16,5.5,4.3,9.4,Bangalore,7,2015,21,1,0,Monsoon,25.0
2015-07-22,,,,,,,,,Bangalore,7,2015,22,2,0,Monsoon,20.65217391304348
2015-07-23,,,,,,,,,Bangalore,7,2015,23,3,0,Monsoon,19.52173913043478
2015-07-24,,,,,,,,,Bangalore,7,2015,24,4,0,Monsoon,25.2
2015-07-25,23.2,28.1,20.1,83.0,1.02,6.9,6.1,11.1,Bangalore,7,2015,25,5,1,Monsoon,19.377777777777776
2015-07-26,23.3,27.8,20.4,79.0,0.0,6.9,6.3,9.4,Bangalore,7,2015,26,6,1,Monsoon,13.555555555555555
2015-07-27,23.4,28.0,20.8,79.0,0.0,5.5,8.3,11.1,Bangalore,7,2015,27,0,0,Monsoon,7.733333333333333
2015-07-28,,,,,,,,,Bangalore,7,2015,28,1,0,Monsoon,8.909090909090908
2015-07-29,,,,,,,,,Bangalore,7,2015,29,2,0,Monsoon,9.347826086956522
2015-07-30,,,,,,,,,Bangalore,7,2015,30,3,0,Monsoon,5.045454545454546
2015-07-31,23.9,29.9,20.0,76.0,0.0,6.9,5.0,7.6,Bangalore,7,2015,31,4,0,Monsoon,16.545454545454547
2015-08-01,23.7,30.3,20.6,76.0,0.25,6.9,5.2,7.6,Bangalore,8,2015,1,5,1,Monsoon,19.608695652173918
2015-08-02,24.0,30.3,20.6,75.0,3.05,6.9,6.5,9.4,Bangalore,8,2015,2,6,1,Monsoon,25.956521739130437
2015-08-03,23.6,28.8,21.0,77.0,0.0,6.3,5.9,11.1,Bangalore,8,2015,3,0,0,Monsoon,22.608695652173918
2015-08-04,,,,,,,,,Bangalore,8,2015,4,1,0,Monsoon,27.681818181818183
2015-08-05,,,,,,,,,Bangalore,8,2015,5,2,0,Monsoon,41.91304347826087
2015-08-06,,,,,,,,,Bangalore,8,2015,6,3,0,Monsoon,35.91304347826087
2015-08-07,22.6,29.3,20.3,83.0,0.25,5.5,5.7,9.4,Bangalore,8,2015,7,4,0,Monsoon,31.82608695652174
2015-08-08,23.6,28.5,20.4,79.0,0.0,6.3,6.1,7.6,Bangalore,8,2015,8,5,1,Monsoon,47.47826086956522
2015-08-09,23.3,28.5,20.6,80.0,2.03,6.9,3.7,7.6,Bangalore,8,2015,9,6,1,Monsoon,32.52173913043478
2015-08-10,,,,,,,,,Bangalore,8,2015,10,0,0,Monsoon,54.52173913043478
2015-08-11,,,,,,,,,Bangalore,8,2015,11,1,0,Monsoon,53.45454545454545
2015-08-12,,,,,,,,,Bangalore,8,2015,12,2,0,Monsoon,35.40909090909091
2015-08-13,23.4,27.6,20.0,83.0,0.0,6.9,5.6,9.4,Bangalore,8,2015,13,3,0,Monsoon,41.76190476190476
2015-08-14,24.6,29.4,20.7,77.0,0.0,6.3,4.8,9.4,Bangalore,8,2015,14,4,0,Monsoon,41.65217391304348
2015-08-15,25.2,31.1,20.5,72.0,0.0,6.9,5.2,9.4,Bangalore,8,2015,15,5,1,Monsoon,28.217391304347824
2015-08-16,,,,,,,,,Bangalore,8,2015,16,6,1,Monsoon,29.956521739130437
2015-08-17,,,,,,,,,Bangalore,8,2015,17,0,0,Monsoon,38.130434782608695
2015-08-18,,,,,,,,,Bangalore,8,2015,18,1,0,Monsoon,35.0
2015-08-19,25.6,31.2,22.3,79.0,0.76,6.9,3.3,5.4,Bangalore,8,2015,19,2,0,Monsoon,12.5
2015-08-20,25.3,31.6,22.4,74.0,0.0,6.3,3.9,9.4,Bangalore,8,2015,20,3,0,Monsoon,14.391304347826088
2015-08-21,23.4,31.6,21.0,80.0,0.76,6.9,3.3,11.1,Bangalore,8,2015,21,4,0,Monsoon,23.91304347826087
2015-08-22,,,,,,,,,Bangalore,8,2015,22,5,1,Monsoon,25.47826086956522
2015-08-23,,,,,,,,,Bangalore,8,2015,23,6,1,Monsoon,26.043478260869566
2015-08-24,,,,,,,,,Bangalore,8,2015,24,0,0,Monsoon,25.666666666666668
2015-08-25,24.4,29.6,19.7,67.0,0.0,6.9,3.1,7.6,Bangalore,8,2015,25,1,0,Monsoon,26.47826086956522
2015-08-26,23.8,30.1,19.6,71.0,0.0,6.3,3.9,7.6,Bangalore,8,2015,26,2,0,Monsoon,28.30434782608696
2015-08-27,22.5,30.1,20.3,86.0,1.78,6.3,4.6,7.6,Bangalore,8,2015,27,3,0,Monsoon,35.52173913043478
2015-08-28,,,,,,,,,Bangalore,8,2015,28,4,0,Monsoon,57.91304347826087
2015-08-29,,,,,,,,,Bangalore,8,2015,29,5,1,Monsoon,38.69565217391305
2015-08-30,,,,,,,,,Bangalore,8,2015,30,6,1,Monsoon,28.17391304347826
2015-08-31,25.1,29.7,20.8,69.0,,6.9,4.3,5.4,Bangalore,8,2015,31,0,0,Monsoon,27.217391304347824
2015-09-01,25.5,31.0,21.1,66.0,0.51,7.7,3.1,5.4,Bangalore,9,2015,1,1,0,Monsoon,42.65217391304348
2015-09-02,25.4,31.0,21.6,67.0,0.0,6.9,2.8,5.4,Bangalore,9,2015,2,2,0,Monsoon,61.95652173913044
2015-09-03,25.7,31.7,22.0,70.0,,6.6,2.0,3.5,Bangalore,9,2015,3,3,0,Monsoon,59.04347826086956
2015-09-04,,,,,,,,,Bangalore,9,2015,4,4,0,Monsoon,54.21739130434783
2015-09-05,,,,,,,,,Bangalore,9,2015,5,5,1,Monsoon,42.869565217391305
2015-09-06,,,,,,,,,Bangalore,9,2015,6,6,1,Monsoon,37.26086956521739
2015-09-07,22.4,30.8,20.0,87.0,37.08,6.0,3.0,5.4,Bangalore,9,2015,7,0,0,Monsoon,34.26086956521739
2015-09-08,23.0,28.5,19.8,82.0,36.58,6.9,5.9,7.6,Bangalore,9,2015,8,1,0,Monsoon,39.56521739130435
2015-09-09,22.9,27.6,20.5,82.0,0.0,6.9,5.6,9.4,Bangalore,9,2015,9,2,0,Monsoon,38.91304347826087
2015-09-10,,,,,,,,,Bangalore,9,2015,10,3,0,Monsoon,37.65
2015-09-11,,,,,,,,,Bangalore,9,2015,11,4,0,Monsoon,56.0
2015-09-12,,,,,,,,,Bangalore,9,2015,12,5,1,Monsoon,66.26086956521739
2015-09-13,23.7,29.7,19.3,75.0,5.08,7.7,5.6,9.4,Bangalore,9,2015,13,6,1,Monsoon,68.91304347826087
2015-09-14,23.5,29.7,19.4,76.0,0.0,6.3,7.8,11.1,Bangalore,9,2015,14,0,0,Monsoon,98.22727272727272
2015-09-15,23.1,28.0,19.3,75.0,0.0,6.3,9.4,18.3,Bangalore,9,2015,15,1,0,Monsoon,85.91304347826087
2015-09-16,,,,,,,,,Bangalore,9,2015,16,2,0,Monsoon,80.91304347826087
2015-09-17,,,,,,,,,Bangalore,9,2015,17,3,0,Monsoon,92.21739130434784
2015-09-18,,,,,,,,,Bangalore,9,2015,18,4,0,Monsoon,40.81818181818182
2015-09-19,24.2,29.4,20.2,76.0,0.0,6.3,3.7,11.1,Bangalore,9,2015,19,5,1,Monsoon,51.65217391304348
2015-09-20,22.9,29.4,20.4,83.0,0.0,5.5,6.3,11.1,Bangalore,9,2015,20,6,1,Monsoon,40.52173913043478
2015-09-21,23.6,29.4,19.2,77.0,7.11,6.9,2.8,7.6,Bangalore,9,2015,21,0,0,Monsoon,23.73913043478261
2015-09-22,,,,,,,,,Bangalore,9,2015,22,1,0,Monsoon,20.73913043478261
2015-09-23,,,,,,,,,Bangalore,9,2015,23,2,0,Monsoon,11.043478260869565
2015-09-24,,,,,,,,,Bangalore,9,2015,24,3,0,Monsoon,31.39130434782609
2015-09-25,24.3,33.2,18.7,76.0,18.8,6.9,1.3,3.5,Bangalore,9,2015,25,4,0,Monsoon,41.65217391304348
2015-09-26,23.2,30.3,20.0,82.0,9.14,6.9,2.2,5.4,Bangalore,9,2015,26,5,1,Monsoon,49.47826086956522
2015-09-27,23.8,31.6,20.2,78.0,0.51,6.0,2.4,5.4,Bangalore,9,2015,27,6,1,Monsoon,55.47826086956522
2015-09-28,,,,,,,,,Bangalore,9,2015,28,0,0,Monsoon,46.34782608695652
2015-09-29,,,,,,,,,Bangalore,9,2015,29,1,0,Monsoon,51.91304347826087
2015-09-30,,,,,,,,,Bangalore,9,2015,30,2,0,Monsoon,34.56521739130435
2015-10-01,24.5,30.0,21.0,77.0,0.51,6.9,2.0,5.4,Bangalore,10,2015,1,3,0,Post-Monsoon,56.21739130434783
2015-10-02,24.6,30.0,21.7,78.0,2.54,6.3,3.5,5.4,Bangalore,10,2015,2,4,0,Post-Monsoon,69.08695652173913
2015-10-03,24.7,29.8,21.3,77.0,0.25,6.9,3.9,9.4,Bangalore,10,2015,3,5,1,Post-Monsoon,63.60869565217392
2015-10-04,,,,,,,,,Bangalore,10,2015,4,6,1,Post-Monsoon,74.8695652173913
2015-10-05,,,,,,,,,Bangalore,10,2015,5,0,0,Post-Monsoon,87.95652173913044
2015-10-06,,,,,,,,,Bangalore,10,2015,6,1,0,Post-Monsoon,91.34782608695652
2015-10-07,24.2,30.2,20.3,79.0,6.6,6.9,3.9,9.4,Bangalore,10,2015,7,2,0,Post-Monsoon,112.17391304347828
2015-10-08,24.0,30.2,20.9,77.0,4.32,6.9,3.5,5.4,Bangalore,10,2015,8,3,0,Post-Monsoon,98.04347826086956
2015-10-09,24.3,29.4,20.6,75.0,0.0,6.9,7.2,11.1,Bangalore,10,2015,9,4,0,Post-Monsoon,79.95652173913044
2015-10-10,,,,,,,,,Bangalore,10,2015,10,5,1,Post-Monsoon,66.17391304347827
2015-10-11,,,,,,,,,Bangalore,10,2015,11,6,1,Post-Monsoon,54.0
2015-10-12,,,,,,,,,Bangalore,10,2015,12,0,0,Post-Monsoon,62.0
2015-10-13,25.1,31.0,21.2,62.0,0.0,6.9,1.9,3.5,Bangalore,10,2015,13,1,0,Post-Monsoon,82.34782608695652
2015-10-14,25.1,32.1,19.6,52.0,0.0,6.9,2.2,3.5,Bangalore,10,2015,14,2,0,Post-Monsoon,65.69565217391305
2015-10-15,25.2,32.1,19.7,59.0,0.0,6.9,0.7,3.5,Bangalore,10,2015,15,3,0,Post-Monsoon,83.65217391304348
2015-10-16,,,,,,,,,Bangalore,10,2015,16,4,0,Post-Monsoon,114.95652173913044
2015-10-17,,,,,,,,,Bangalore,10,2015,17,5,1,Post-Monsoon,137.34782608695653
2015-10-18,,,,,,,,,Bangalore,10,2015,18,6,1,Post-Monsoon,173.6086956521739
2015-10-19,25.6,31.8,20.6,62.0,0.0,6.9,3.5,5.4,Bangalore,10,2015,19,0,0,Post-Monsoon,146.95454545454547
2015-10-20,25.5,31.4,21.5,63.0,0.0,5.5,2.0,5.4,Bangalore,10,2015,20,1,0,Post-Monsoon,152.2608695652174
2015-10-21,24.9,30.6,21.4,61.0,0.0,6.3,2.0,5.4,Bangalore,10,2015,21,2,0,Post-Monsoon,165.43478260869566
2015-10-22,,,,,,,,,Bangalore,10,2015,22,3,0,Post-Monsoon,113.30434782608695
2015-10-23,,,,,,,,,Bangalore,10,2015,23,4,0,Post-Monsoon,120.0
2015-10-24,,,,,,,,,Bangalore,10,2015,24,5,1,Post-Monsoon,145.8
2015-10-25,24.2,31.8,17.8,60.0,0.0,6.3,3.5,5.4,Bangalore,10,2015,25,6,1,Post-Monsoon,109.61428571428571
2015-10-26,24.4,29.8,20.0,62.0,0.0,6.9,3.0,5.4,Bangalore,10,2015,26,0,0,Post-Monsoon,73.42857142857143
2015-10-27,24.4,29.6,20.6,67.0,,6.9,0.9,3.5,Bangalore,10,2015,27,1,0,Post-Monsoon,104.3913043478261
2015-10-28,,,,,,,,,Bangalore,10,2015,28,2,0,Post-Monsoon,83.08695652173913
2015-10-29,,,,,,,,,Bangalore,10,2015,29,3,0,Post-Monsoon,82.34782608695652
2015-10-30,,,,,,,,,Bangalore,10,2015,30,4,0,Post-Monsoon,91.82608695652172
2015-10-31,24.7,30.8,20.6,72.0,0.0,7.7,1.3,3.5,Bangalore,10,2015,31,5,1,Post-Monsoon,269.4782608695652
2015-11-01,23.4,29.5,21.7,83.0,1.02,6.3,0.0,,Bangalore,11,2015,1,6,1,Post-Monsoon,258.7826086956522
2015-11-02,23.1,30.9,20.0,83.0,51.05,5.5,1.1,5.4,Bangalore,11,2015,2,0,0,Post-Monsoon,184.65217391304347
2015-11-03,21.8,30.9,19.5,87.0,7.11,6.3,1.5,5.4,Bangalore,11,2015,3,1,0,Post-Monsoon,256.5
2015-11-04,,,,,,,,,Bangalore,11,2015,4,2,0,Post-Monsoon,271.69565217391306
2015-11-05,,,,,,,,,Bangalore,11,2015,5,3,0,Post-Monsoon,138.52173913043478
2015-11-06,,,,,,,,,Bangalore,11,2015,6,4,0,Post-Monsoon,157.7826086956522
2015-11-07,23.7,28.5,20.8,69.0,0.0,6.6,1.5,3.5,Bangalore,11,2015,7,5,1,Post-Monsoon,369.3478260869565
2015-11-08,23.0,28.5,19.3,76.0,0.0,6.3,0.9,3.5,Bangalore,11,2015,8,6,1,Post-Monsoon,243.56521739130437
2015-11-09,20.2,27.3,18.4,92.0,0.0,4.0,3.5,5.4,Bangalore,11,2015,9,0,0,Post-Monsoon,182.3181818181818
2015-11-10,,,,,,,,,Bangalore,11,2015,10,1,0,Post-Monsoon,258.94736842105266
2015-11-11,,,,,,,,,Bangalore,11,2015,11,2,0,Post-Monsoon,209.7692307692308
2015-11-12,,,,,,,,,Bangalore,11,2015,12,3,0,Post-Monsoon,289.1304347826087
2015-11-13,19.3,24.6,17.0,88.0,14.22,6.3,0.7,3.5,Bangalore,11,2015,13,4,0,Post-Monsoon,351.1304347826087
2015-11-14,20.2,24.8,16.1,75.0,0.0,5.5,0.9,3.5,Bangalore,11,2015,14,5,1,Post-Monsoon,257.0
2015-11-15,19.1,24.8,17.7,89.0,0.0,4.0,2.0,5.4,Bangalore,11,2015,15,6,1,Post-Monsoon,204.91304347826087
2015-11-16,,,,,,,,,Bangalore,11,2015,16,0,0,Post-Monsoon,157.65217391304347
2015-11-17,,,,,,,,,Bangalore,11,2015,17,1,0,Post-Monsoon,127.43478260869566
2015-11-18,,,,,,,,,Bangalore,11,2015,18,2,0,Post-Monsoon,171.91304347826087
2015-11-19,21.7,24.6,19.5,90.0,14.48,4.0,1.9,3.5,Bangalore,11,2015,19,3,0,Post-Monsoon,204.43478260869568
2015-11-20,22.0,26.4,19.8,87.0,0.51,5.8,2.2,5.4,Bangalore,11,2015,20,4,0,Post-Monsoon,266.9130434782609
2015-11-21,21.9,26.4,19.6,85.0,14.22,6.9,2.0,5.4,Bangalore,11,2015,21,5,1,Post-Monsoon,276.30434782608694
2015-11-22,,,,,,,,,Bangalore,11,2015,22,6,1,Post-Monsoon,254.95652173913044
2015-11-23,,,,,,,,,Bangalore,11,2015,23,0,0,Post-Monsoon,279.2173913043478
2015-11-24,,,,,,,,,Bangalore,11,2015,24,1,0,Post-Monsoon,281.1304347826087
2015-11-25,21.4,27.5,17.5,66.0,0.0,6.9,0.2,1.9,Bangalore,11,2015,25,2,0,Post-Monsoon,155.30434782608697
2015-11-26,22.6,28.0,17.7,74.0,0.0,6.3,0.0,,Bangalore,11,2015,26,3,0,Post-Monsoon,155.34782608695653
2015-11-27,22.7,28.9,18.6,64.0,0.0,6.9,1.3,3.5,Bangalore,11,2015,27,4,0,Post-Monsoon,200.34782608695653
2015-11-28,,,,,,,,,Bangalore,11,2015,28,5,1,Post-Monsoon,263.0869565217391
2015-11-29,,,,,,,,,Bangalore,11,2015,29,6,1,Post-Monsoon,280.95454545454544
2015-11-30,,,,,,,,,Bangalore,11,2015,30,0,0,Post-Monsoon,339.0434782608696
2015-12-01,21.1,23.8,19.8,91.0,0.0,6.3,0.7,5.4,Bangalore,12,2015,1,1,0,Winter,212.125
2015-12-02,21.0,23.9,19.6,93.0,1.02,6.3,0.9,3.5,Bangalore,12,2015,2,2,0,Winter,191.2173913043478
2015-12-03,21.5,24.9,18.9,87.0,2.79,6.9,0.9,3.5,Bangalore,12,2015,3,3,0,Winter,236.08695652173915
2015-12-04,,,,,,,,,Bangalore,12,2015,4,4,0,Winter,183.91304347826087
2015-12-05,,,,,,,,,Bangalore,12,2015,5,5,1,Winter,250.95652173913044
2015-12-06,,,,,,,,,Bangalore,12,2015,6,6,1,Winter,311.4782608695652
2015-12-07,22.3,28.7,17.5,70.0,0.0,6.3,1.3,5.4,Bangalore,12,2015,7,0,0,Winter,283.17391304347825
2015-12-08,21.5,28.7,17.0,68.0,0.0,6.3,2.2,5.4,Bangalore,12,2015,8,1,0,Winter,283.60869565217394
2015-12-09,21.4,28.2,18.4,83.0,0.51,5.8,1.1,3.5,Bangalore,12,2015,9,2,0,Winter,301.4347826086956
2015-12-10,,,,,,,,,Bangalore,12,2015,10,3,0,Winter,260.17391304347825
2015-12-11,,,,,,,,,Bangalore,12,2015,11,4,0,Winter,267.8695652173913
2015-12-12,,,,,,,,,Bangalore,12,2015,12,5,1,Winter,249.4782608695652
